delay,freq,condition,textbox.text,button.numClicks,button.timesOn,button.timesOff,trials.thisRepN,trials.thisTrialN,trials.thisN,trials.thisIndex,thisRow.t,notes,trial.started,polygon.started,polygon_2.started,key_resp.started,polygon.stopped,trial.stopped,trials.key_resp.keys,trials.key_resp.rt,trials.key_resp.duration,beep.started,sound_1.started,sound_1.stopped,beep.stopped,response.started,text.started,textbox.started,button.started,response.stopped,trials.textbox.text,trials.button.numClicks,trials.button.timesOn,trials.button.timesOff,participant,session,date,expName,expVersion,psychopyVersion,frameRate,expStart
0.4,1000,exp,1000,1,[6.347714900039136],[6.347721300087869],0,0,0,4,0.0502111,,0.0353972,0.0502111,1.0022638,1.0022638,1.0516739,7.381703,space,6.3769255,None,7.382369,7.796408067,8.1092422,8.0959692,8.0967203,8.1092422,8.1092422,8.1092422,14.4571895,200,1,[6.347714900039136],[6.347721300087869],par01,1,2025-11-13_21h18.47.046,intentional binding,,2025.1.1,60.31748713,2025-11-13 21h18.55.325985 +0530
0.7,1000,exp,1000,1,[2.335721699986607],[2.3357276999158785],0,1,1,8,14.4721046,,14.4573893,14.4721046,15.4723743,15.4723743,15.4723743,16.1061439,space,0.6246784,None,16.1068049,16.82223157,17.1331802,17.1232099,17.1236485,17.1331802,17.1331802,17.1331802,19.4691416,200,1,[2.335721699986607],[2.3357276999158785],par01,1,2025-11-13_21h18.47.046,intentional binding,,2025.1.1,60.31748713,2025-11-13 21h18.55.325985 +0530
0.1,1000,exp,900,1,[3.0993869999656454],[3.0993933000136167],0,2,2,6,19.4840297,,19.4693487,19.4840297,20.4847235,20.4847235,20.4847235,22.4819097,space,1.9828089,None,22.4823917,22.58303977,22.9118455,22.8875032,22.8878424,22.9118455,22.9118455,22.9118455,26.0114883,100,1,[3.0993869999656454],[3.0993933000136167],par01,1,2025-11-13_21h18.47.046,intentional binding,,2025.1.1,60.31748713,2025-11-13 21h18.55.325985 +0530
0.4,1000,exp,900,1,[2.3833284999709576],[2.3833343000151217],0,3,3,10,26.0289089,,26.0116836,26.0289089,27.010032,27.010032,27.0442896,30.4070663,space,3.384999,None,30.4075213,30.80748687,31.1203436,31.103967,31.1051021,31.1203436,31.1203436,31.1203436,33.5039313,100,1,[2.3833284999709576],[2.3833343000151217],par01,1,2025-11-13_21h18.47.046,intentional binding,,2025.1.1,60.31748713,2025-11-13 21h18.55.325985 +0530
0.7,1000,exp,850,1,[1.5985942999832332],[1.5986006999155506],0,4,4,5,33.5218062,,33.5041046,33.5218062,34.5034919,34.5034919,34.5359178,35.4024946,space,0.8971554,None,35.4030392,36.10335097,36.4341828,36.4153988,36.4161056,36.4341828,36.4341828,36.4341828,38.0330746,400,1,[1.5985942999832332],[1.5986006999155506],par01,1,2025-11-13_21h18.47.046,intentional binding,,2025.1.1,60.31748713,2025-11-13 21h18.55.325985 +0530
0.7,1000,exp,500,1,[1.569744999986142],[1.5697544999420643],0,5,5,11,38.0503838,,38.0332526,38.0503838,39.032575,39.032575,39.0666136,39.5154858,space,0.4794391,None,39.5160984,40.21490667,40.5271484,40.5130992,40.5138842,40.5271484,40.5271484,40.5271484,42.097208,500,1,[1.569744999986142],[1.5697544999420643],par01,1,2025-11-13_21h18.47.046,intentional binding,,2025.1.1,60.31748713,2025-11-13 21h18.55.325985 +0530
0.1,1000,exp,500,1,[1.6360064001055434],[1.6360120000317693],0,6,6,9,42.1132543,,42.0974719,42.1132543,43.1123372,43.1123372,43.1281208,44.0604777,space,0.9365113,None,44.0609934,44.16041547,44.4733541,44.4589665,44.4592663,44.4733541,44.4733541,44.4733541,46.1095891,500,1,[1.6360064001055434],[1.6360120000317693],par01,1,2025-11-13_21h18.47.046,intentional binding,,2025.1.1,60.31748713,2025-11-13 21h18.55.325985 +0530
0.7,400,unexp,500,1,[3.0155886000720784],[3.0155971000203863],0,7,7,2,46.1256405,,46.1099373,46.1256405,47.1250843,47.1250843,47.1250843,48.0909268,space,0.9540557,None,48.0914366,48.79148087,49.1195187,49.0950016,49.095416,49.1195187,49.1195187,49.1195187,52.1354404,500,1,[3.0155886000720784],[3.0155971000203863],par01,1,2025-11-13_21h18.47.046,intentional binding,,2025.1.1,60.31748713,2025-11-13 21h18.55.325985 +0530
0.1,400,unexp,600,1,[1.4337568000191823],[1.4337633999530226],0,8,8,0,52.1528043,,52.1356644,52.1528043,53.1352029,53.1352029,53.1532381,54.0011663,space,0.8550335,None,54.0017648,54.10292267,54.4332011,54.4141031,54.414609,54.4332011,54.4332011,54.4332011,55.8671958,600,1,[1.4337568000191823],[1.4337633999530226],par01,1,2025-11-13_21h18.47.046,intentional binding,,2025.1.1,60.31748713,2025-11-13 21h18.55.325985 +0530
0.1,1000,exp,300,1,[2.9673890999983996],[2.967395000043325],0,9,9,3,55.8808821,,55.867386,55.8808821,56.8817902,56.8817902,56.8817902,57.9819036,space,1.0941094,None,57.9827074,58.08185517,58.4102836,58.3840187,58.3844921,58.4102836,58.4102836,58.4102836,61.377935,300,1,[2.9673890999983996],[2.967395000043325],par01,1,2025-11-13_21h18.47.046,intentional binding,,2025.1.1,60.31748713,2025-11-13 21h18.55.325985 +0530
0.4,400,unexp,700,1,[1.767770400037989],[1.7677787999855354],0,10,10,1,61.3942747,,61.3781134,61.3942747,62.3764609,62.3764609,62.4095134,63.2100082,space,0.8263817,None,63.2109436,63.60979857,63.9380666,63.9149519,63.9153241,63.9380666,63.9380666,63.9380666,65.7061394,700,1,[1.767770400037989],[1.7677787999855354],par01,1,2025-11-13_21h18.47.046,intentional binding,,2025.1.1,60.31748713,2025-11-13 21h18.55.325985 +0530
0.4,1000,exp,300,1,[1.8665474000154063],[1.8665532999439165],0,11,11,7,65.7229978,,65.706384,65.7229978,66.705823,66.705823,66.7232984,67.5044813,space,0.7873283,None,67.5052148,67.90500347,68.2177795,68.2007309,68.2016226,68.2177795,68.2177795,68.2177795,70.0845894,300,1,[1.8665474000154063],[1.8665532999439165],par01,1,2025-11-13_21h18.47.046,intentional binding,,2025.1.1,60.31748713,2025-11-13 21h18.55.325985 +0530
0.4,1000,exp,200,1,[5.797328400076367],[5.797335000010207],1,0,12,7,70.1025799,,70.0847577,70.1025799,71.0834363,71.0834363,71.1163073,72.3682713,space,1.2766686,None,72.3691989,72.78465427,73.0961359,73.0810297,73.0817541,73.0961359,73.0961359,73.0961359,78.8937463,200,1,[5.797328400076367],[5.797335000010207],par01,1,2025-11-13_21h18.47.046,intentional binding,,2025.1.1,60.31748713,2025-11-13 21h18.55.325985 +0530
0.7,1000,exp,400,1,[1.9863228000467643],[1.9863302999874577],1,1,13,5,78.9089205,,78.8939233,78.9089205,79.9083924,79.9083924,79.9083924,81.2745721,space,1.3535711,None,81.2751762,81.97366237,82.2863905,82.2731884,82.273555,82.2863905,82.2863905,82.2863905,84.2729674,400,1,[1.9863228000467643],[1.9863302999874577],par01,1,2025-11-13_21h18.47.046,intentional binding,,2025.1.1,60.31748713,2025-11-13 21h18.55.325985 +0530
0.4,1000,exp,300,1,[2.26795599993784],[2.2679630999919027],1,2,14,10,84.2873815,,84.2731691,84.2873815,85.2868201,85.2868201,85.2868201,88.1689823,space,2.8808819,None,88.1698435,88.58340237,88.896917,88.8817467,88.882532,88.896917,88.896917,88.896917,91.1651261,300,1,[2.26795599993784],[2.2679630999919027],par01,1,2025-11-13_21h18.47.046,intentional binding,,2025.1.1,60.31748713,2025-11-13 21h18.55.325985 +0530
0.7,1000,exp,250,1,[2.433375700027682],[2.433381500071846],1,3,15,11,91.1808085,,91.1652972,91.1808085,92.1643667,92.1643667,92.1810903,93.2137773,space,1.0342307,None,93.2145339,93.93038907,94.2585102,94.2332572,94.2336592,94.2585102,94.2585102,94.2585102,96.692127,250,1,[2.433375700027682],[2.433381500071846],par01,1,2025-11-13_21h18.47.046,intentional binding,,2025.1.1,60.31748713,2025-11-13 21h18.55.325985 +0530
0.1,1000,exp,400,1,[1.6861630999483168],[1.686168699990958],1,4,16,3,96.7091229,,96.6923035,96.7091229,97.6912506,97.6912506,97.7241087,98.5572576,space,0.8638123,None,98.5579801,98.65827057,98.9869408,98.9604225,98.9608919,98.9869408,98.9869408,98.9869408,100.6735719,400,1,[1.6861630999483168],[1.686168699990958],par01,1,2025-11-13_21h18.47.046,intentional binding,,2025.1.1,60.31748713,2025-11-13 21h18.55.325985 +0530
0.7,1000,exp,200,1,[1.2191716999514028],[1.2191775999963284],1,5,17,8,100.6880541,,100.6737459,100.6880541,101.6875814,101.6875814,101.6875814,103.4868503,space,1.7935178,None,103.4875118,104.1873264,104.514875,104.4871069,104.487648,104.514875,104.514875,104.514875,105.7343547,200,1,[1.2191716999514028],[1.2191775999963284],par01,1,2025-11-13_21h18.47.046,intentional binding,,2025.1.1,60.31748713,2025-11-13 21h18.55.325985 +0530
0.1,1000,exp,350,1,[1.9192624000133947],[1.9192812000401318],1,6,18,9,105.7500363,,105.7345349,105.7500363,106.748219,106.748219,106.748219,109.4132247,space,2.6545156,None,109.4138068,109.5148339,109.8259865,109.8134072,109.8137136,109.8259865,109.8259865,109.8259865,111.7455609,350,1,[1.9192624000133947],[1.9192812000401318],par01,1,2025-11-13_21h18.47.046,intentional binding,,2025.1.1,60.31748713,2025-11-13 21h18.55.325985 +0530
0.4,1000,exp,400,1,[4.829243400017731],[4.829249800066464],1,7,19,4,111.7600428,,111.7457461,111.7600428,112.7601737,112.7601737,112.7601737,113.8924694,space,1.1252008,None,113.8930936,114.2935973,114.6078495,114.5934801,114.5937836,114.6078495,114.6078495,114.6078495,119.4373324,400,1,[4.829243400017731],[4.829249800066464],par01,1,2025-11-13_21h18.47.046,intentional binding,,2025.1.1,60.31748713,2025-11-13 21h18.55.325985 +0530
0.1,400,unexp,600,1,[2.334569900063798],[2.334577800007537],1,8,20,0,119.453373,,119.4375252,119.453373,120.4523407,120.4523407,120.4523407,122.5365416,space,2.0836575,None,122.5371635,122.6511322,122.9627901,122.9536697,122.9540177,122.9627901,122.9627901,122.9627901,125.297605,600,1,[2.334569900063798],[2.334577800007537],par01,1,2025-11-13_21h18.47.046,intentional binding,,2025.1.1,60.31748713,2025-11-13 21h18.55.325985 +0530
0.4,400,unexp,600,1,[1.8348274999298155],[1.8348455999512225],1,9,21,1,125.3148193,,125.2977759,125.3148193,126.2975983,126.2975983,126.314477,127.3631025,space,1.0592377,None,127.3638287,127.7636973,128.074745,128.0602847,128.0606468,128.074745,128.074745,128.074745,129.910041,600,1,[1.8348274999298155],[1.8348455999512225],par01,1,2025-11-13_21h18.47.046,intentional binding,,2025.1.1,60.31748713,2025-11-13 21h18.55.325985 +0530
0.1,1000,exp,300,1,[2.5354195999680087],[2.5354260000167415],1,10,22,6,129.925983,,129.9103193,129.925983,130.9248928,130.9248928,130.9248928,131.9762479,space,1.0327851,None,131.9769594,132.0910148,132.4200151,132.3945603,132.3949198,132.4200151,132.4200151,132.4200151,134.9557072,300,1,[2.5354195999680087],[2.5354260000167415],par01,1,2025-11-13_21h18.47.046,intentional binding,,2025.1.1,60.31748713,2025-11-13 21h18.55.325985 +0530
0.7,400,unexp,400,1,[2.1993378000333905],[2.199344199965708],1,11,23,2,134.9709773,,134.9558763,134.9709773,135.9702067,135.9702067,135.9702067,138.1018415,space,2.1197801,None,138.1025253,138.8025227,139.1171565,139.1024065,139.1028507,139.1171565,139.1171565,139.1171565,141.3167252,400,1,[2.1993378000333905],[2.199344199965708],par01,1,2025-11-13_21h18.47.046,intentional binding,,2025.1.1,60.31748713,2025-11-13 21h18.55.325985 +0530
0.1,1000,exp,400,1,[4.3470472999615595],[4.347054400015622],2,0,24,9,141.3317478,,141.3168983,141.3317478,142.3311961,142.3311961,142.3311961,145.7945205,space,3.4562671,None,145.7951344,145.8957017,146.2102135,146.1962294,146.1965727,146.2102135,146.2102135,146.2102135,150.557538,400,1,[4.3470472999615595],[4.347054400015622],par01,1,2025-11-13_21h18.47.046,intentional binding,,2025.1.1,60.31748713,2025-11-13 21h18.55.325985 +0530
0.1,1000,exp,400,1,[1.5854167999932542],[1.5854226999217644],2,1,25,3,150.5715716,,150.5577107,150.5715716,151.572643,151.572643,151.572643,157.5188761,space,5.937589,None,157.5200828,157.6344218,157.9457985,157.9336915,157.9341515,157.9457985,157.9457985,157.9457985,159.5314457,400,1,[1.5854167999932542],[1.5854226999217644],par01,1,2025-11-13_21h18.47.046,intentional binding,,2025.1.1,60.31748713,2025-11-13 21h18.55.325985 +0530
0.7,1000,exp,300,1,[1.3356941000092775],[1.335700000054203],2,2,26,11,159.546968,,159.5316154,159.546968,160.5464895,160.5464895,160.5464895,160.7476078,space,0.1940019,None,160.7481545,161.4629914,161.7748152,161.7632615,161.7636472,161.7748152,161.7748152,161.7748152,163.1107476,300,1,[1.3356941000092775],[1.335700000054203],par01,1,2025-11-13_21h18.47.046,intentional binding,,2025.1.1,60.31748713,2025-11-13 21h18.55.325985 +0530
0.1,400,unexp,600,1,[3.2972945000510663],[3.297300400095992],2,3,27,0,163.1270784,,163.1109264,163.1270784,164.1085752,164.1085752,164.1416767,165.4260123,space,1.3081403,None,165.4265761,165.543062,165.8742086,165.8547664,165.8551141,165.8742086,165.8742086,165.8742086,169.1717321,600,1,[3.2972945000510663],[3.297300400095992],par01,1,2025-11-13_21h18.47.046,intentional binding,,2025.1.1,60.31748713,2025-11-13 21h18.55.325985 +0530
0.4,1000,exp,600,1,[1.4688435000134632],[1.468850199948065],2,4,28,10,169.1866286,,169.1719212,169.1866286,170.187092,170.187092,170.187092,171.2522213,space,1.0573068,None,171.2527789,171.6523669,171.9647086,171.9527417,171.9531291,171.9647086,171.9647086,171.9647086,173.4337914,600,1,[1.4688435000134632],[1.468850199948065],par01,1,2025-11-13_21h18.47.046,intentional binding,,2025.1.1,60.31748713,2025-11-13 21h18.55.325985 +0530
0.4,1000,exp,700,1,[2.085827200091444],[2.085835500038229],2,5,29,7,173.4510499,,173.4339614,173.4510499,174.4332256,174.4332256,174.4670858,176.5477092,space,2.1024739,None,176.5482398,176.9474196,177.2601698,177.244513,177.2448711,177.2601698,177.2601698,177.2601698,179.3462947,700,1,[2.085827200091444],[2.085835500038229],par01,1,2025-11-13_21h18.47.046,intentional binding,,2025.1.1,60.31748713,2025-11-13 21h18.55.325985 +0530
0.4,1000,exp,700,1,[3.350118099944666],[3.350123699987307],2,6,30,4,179.3615567,,179.3465279,179.3615567,180.3439324,180.3439324,180.3614309,182.3273403,space,1.9751901,None,182.3280478,182.7433217,183.0545183,183.0436499,183.0440971,183.0545183,183.0545183,183.0545183,186.4048812,700,1,[3.350118099944666],[3.350123699987307],par01,1,2025-11-13_21h18.47.046,intentional binding,,2025.1.1,60.31748713,2025-11-13 21h18.55.325985 +0530
0.4,400,unexp,700,1,[2.169027000083588],[2.169032600009814],2,7,31,1,186.4201563,,186.4050529,186.4201563,187.4207152,187.4207152,187.4207152,190.5163618,space,3.0806872,None,190.5168438,190.9186859,191.2459886,191.2237979,191.2241982,191.2459886,191.2459886,191.2459886,193.4152876,700,1,[2.169027000083588],[2.169032600009814],par01,1,2025-11-13_21h18.47.046,intentional binding,,2025.1.1,60.31748713,2025-11-13 21h18.55.325985 +0530
0.7,1000,exp,700,1,[4.516289499937557],[4.516296399990097],2,8,32,5,193.4297827,,193.4154582,193.4297827,194.430067,194.430067,194.430067,200.709727,space,6.2607875,None,200.710344,201.4234417,201.7360727,201.7213387,201.7218419,201.7360727,201.7360727,201.7360727,206.252663,700,1,[4.516289499937557],[4.516296399990097],par01,1,2025-11-13_21h18.47.046,intentional binding,,2025.1.1,60.31748713,2025-11-13 21h18.55.325985 +0530
0.7,1000,exp,400,1,[1.701706500025466],[1.701714099966921],2,9,33,8,206.2672903,,206.2528484,206.2672903,207.2674306,207.2674306,207.2674306,219.9400089,space,12.6610959,None,219.9406411,220.6551179,220.9667627,220.9533111,220.9538285,220.9667627,220.9667627,220.9667627,222.6687211,400,1,[1.701706500025466],[1.701714099966921],par01,1,2025-11-13_21h18.47.046,intentional binding,,2025.1.1,60.31748713,2025-11-13 21h18.55.325985 +0530
0.1,1000,exp,450,1,[2.385572799947113],[2.385579099995084],2,10,34,6,222.6852802,,222.6688946,222.6852802,223.6674911,223.6674911,223.7007494,226.2838686,space,2.6079711,None,226.2847894,226.3832181,226.6946995,226.6820789,226.6824862,226.6946995,226.6946995,226.6946995,229.0805084,450,1,[2.385572799947113],[2.385579099995084],par01,1,2025-11-13_21h18.47.046,intentional binding,,2025.1.1,60.31748713,2025-11-13 21h18.55.325985 +0530
0.7,400,unexp,800,1,[2.047702500014566],[2.047708399943076],2,11,35,2,229.0956642,,229.0807132,229.0956642,230.0945651,230.0945651,230.0945651,231.8105055,space,1.7030707,None,231.8109465,232.52772,232.8422672,232.8281171,232.8284018,232.8422672,232.8422672,232.8422672,234.8902444,800,1,[2.047702500014566],[2.047708399943076],par01,1,2025-11-13_21h18.47.046,intentional binding,,2025.1.1,60.31748713,2025-11-13 21h18.55.325985 +0530
0.1,1000,exp,600,1,[1.8522050000028685],[1.852214099955745],3,0,36,9,234.9074247,,234.8904157,234.9074247,235.9057346,235.9057346,235.9216155,236.8554772,space,0.938554,None,236.8561187,236.9552714,237.2682071,237.2506051,237.2513132,237.2682071,237.2682071,237.2682071,239.1207598,600,1,[1.8522050000028685],[1.852214099955745],par01,1,2025-11-13_21h18.47.046,intentional binding,,2025.1.1,60.31748713,2025-11-13 21h18.55.325985 +0530
0.7,1000,exp,500,1,[1.435695099993609],[1.4357018999289721],3,1,37,8,239.1349675,,239.1210444,239.1349675,240.1188907,240.1188907,240.1345308,240.7341479,space,0.6026484,None,240.7346041,241.4347002,241.746952,241.7353308,241.7357278,241.746952,241.746952,241.746952,243.182899,500,1,[1.435695099993609],[1.4357018999289721],par01,1,2025-11-13_21h18.47.046,intentional binding,,2025.1.1,60.31748713,2025-11-13 21h18.55.325985 +0530
0.4,1000,exp,700,1,[1.6020091000245884],[1.6020158000756055],3,2,38,7,243.199092,,243.1830873,243.199092,244.1987612,244.1987612,244.2145179,245.8300456,space,1.6224747,None,245.8305429,246.2465835,246.5583315,246.5436241,246.5440984,246.5583315,246.5583315,246.5583315,248.1605955,700,1,[1.6020091000245884],[1.6020158000756055],par01,1,2025-11-13_21h18.47.046,intentional binding,,2025.1.1,60.31748713,2025-11-13 21h18.55.325985 +0530
0.7,1000,exp,500,1,[1.886449299985543],[1.8864589999429882],3,3,39,11,248.1776926,,248.1607668,248.1776926,249.1595014,249.1595014,249.1933822,250.1593557,space,0.998752,None,250.1600737,250.8592069,251.1711981,251.1596597,251.1600493,251.1711981,251.1711981,251.1711981,253.0579511,500,1,[1.886449299985543],[1.8864589999429882],par01,1,2025-11-13_21h18.47.046,intentional binding,,2025.1.1,60.31748713,2025-11-13 21h18.55.325985 +0530
0.7,1000,exp,400,1,[3.417272499995306],[3.4172786999261007],3,4,40,5,253.0708849,,253.0581729,253.0708849,254.0713617,254.0713617,254.0713617,256.1028958,space,2.0195438,None,256.1036264,256.8028996,257.1151349,257.1002671,257.1007088,257.1151349,257.1151349,257.1151349,260.5326419,400,1,[3.417272499995306],[3.4172786999261007],par01,1,2025-11-13_21h18.47.046,intentional binding,,2025.1.1,60.31748713,2025-11-13 21h18.55.325985 +0530
0.4,400,unexp,300,1,[4.611223400104791],[4.611230200040154],3,5,41,1,260.5474271,,260.5328335,260.5474271,261.5473943,261.5473943,261.5473943,263.6647984,space,2.1086051,None,263.6656616,264.079603,264.3950138,264.3785176,264.3788751,264.3950138,264.3950138,264.3950138,269.0064724,300,1,[4.611223400104791],[4.611230200040154],par01,1,2025-11-13_21h18.47.046,intentional binding,,2025.1.1,60.31748713,2025-11-13 21h18.55.325985 +0530
0.4,1000,exp,400,1,[1.9660068999510258],[1.9660160000203177],3,6,42,4,269.0229484,,269.0066447,269.0229484,270.0065832,270.0065832,270.0238237,270.8709395,space,0.8512875,None,270.8713763,271.2726741,271.6041255,271.5839682,271.584435,271.6041255,271.6041255,271.6041255,273.5704042,400,1,[1.9660068999510258],[1.9660160000203177],par01,1,2025-11-13_21h18.47.046,intentional binding,,2025.1.1,60.31748713,2025-11-13 21h18.55.325985 +0530
0.1,400,unexp,450,1,[2.3183172000572085],[2.3183232999872416],3,7,43,0,273.5843787,,273.5705884,273.5843787,274.5846228,274.5846228,274.5846228,278.614184,space,4.0169212,None,278.6148395,278.7144599,279.0270345,279.0102374,279.0119137,279.0270345,279.0270345,279.0270345,281.3456042,450,1,[2.3183172000572085],[2.3183232999872416],par01,1,2025-11-13_21h18.47.046,intentional binding,,2025.1.1,60.31748713,2025-11-13 21h18.55.325985 +0530
0.1,1000,exp,500,1,[1.8318234999896958],[1.8318308000452816],3,8,44,6,281.360311,,281.3457716,281.360311,282.3600283,282.3600283,282.3600283,283.1110186,space,0.7397577,None,283.1116493,283.2279961,283.5418052,283.5258693,283.5262194,283.5418052,283.5418052,283.5418052,285.3738745,500,1,[1.8318234999896958],[1.8318308000452816],par01,1,2025-11-13_21h18.47.046,intentional binding,,2025.1.1,60.31748713,2025-11-13 21h18.55.325985 +0530
0.7,400,unexp,700,1,[3.016442699939944],[3.016476899967529],3,9,45,2,285.3893109,,285.3740473,285.3893109,286.3894911,286.3894911,286.3894911,287.2741909,space,0.876606,None,287.2749944,287.9880246,288.3020115,288.2818827,288.282362,288.3020115,288.3020115,288.3020115,291.3187887,700,1,[3.016442699939944],[3.016476899967529],par01,1,2025-11-13_21h18.47.046,intentional binding,,2025.1.1,60.31748713,2025-11-13 21h18.55.325985 +0530
0.1,1000,exp,800,1,[2.2513249999610707],[2.2513307000044733],3,10,46,3,291.3350403,,291.3190255,291.3350403,292.3353218,292.3353218,292.3502063,293.3829905,space,1.0350666,None,293.3835969,293.4839543,293.795767,293.7815524,293.7826723,293.795767,293.795767,293.795767,296.0473396,800,1,[2.2513249999610707],[2.2513307000044733],par01,1,2025-11-13_21h18.47.046,intentional binding,,2025.1.1,60.31748713,2025-11-13 21h18.55.325985 +0530
0.4,1000,exp,700,1,[2.418765499955043],[2.41877150000073],3,11,47,10,296.0626313,,296.0475077,296.0626313,297.062616,297.062616,297.062616,298.5937213,space,1.5224422,None,298.5943361,298.9953581,299.3068043,299.2944801,299.2948433,299.3068043,299.3068043,299.3068043,301.7258086,700,1,[2.418765499955043],[2.41877150000073],par01,1,2025-11-13_21h18.47.046,intentional binding,,2025.1.1,60.31748713,2025-11-13 21h18.55.325985 +0530
0.4,1000,exp,800,1,[3.0992056000977755],[3.0992124000331387],4,0,48,7,301.7407311,,301.7259793,301.7407311,302.7400114,302.7400114,302.7400114,304.5903658,space,1.8425192,None,304.5912244,305.0063304,305.3192215,305.3055236,305.3060695,305.3192215,305.3192215,305.3192215,308.4186804,800,1,[3.0992056000977755],[3.0992124000331387],par01,1,2025-11-13_21h18.47.046,intentional binding,,2025.1.1,60.31748713,2025-11-13 21h18.55.325985 +0530
0.7,1000,exp,800,1,[2.550124799949117],[2.5501310999970883],4,1,49,5,308.4338202,,308.4188502,308.4338202,309.4344637,309.4344637,309.4344637,310.1999944,space,0.7497966,None,310.2006321,310.8995677,311.2122868,311.1972445,311.1976828,311.2122868,311.2122868,311.2122868,313.7626628,800,1,[2.550124799949117],[2.5501310999970883],par01,1,2025-11-13_21h18.47.046,intentional binding,,2025.1.1,60.31748713,2025-11-13 21h18.55.325985 +0530
0.4,1000,exp,800,1,[1.6186952999560162],[1.6187011000001803],4,2,50,10,313.7796825,,313.7628371,313.7796825,314.7613929,314.7613929,314.7955053,317.4783713,space,2.7107216,None,317.4794787,317.8936374,318.2050784,318.1938372,318.194321,318.2050784,318.2050784,318.2050784,319.8240057,800,1,[1.6186952999560162],[1.6187011000001803],par01,1,2025-11-13_21h18.47.046,intentional binding,,2025.1.1,60.31748713,2025-11-13 21h18.55.325985 +0530
0.4,1000,exp,700,1,[2.2505582999438047],[2.250564099987969],4,3,51,4,319.8395444,,319.8241808,319.8395444,320.8238272,320.8238272,320.839002,323.8879435,space,3.050518,None,323.889237,324.3034169,324.6160066,324.6006762,324.6011445,324.6160066,324.6160066,324.6160066,326.8668406,700,1,[2.2505582999438047],[2.250564099987969],par01,1,2025-11-13_21h18.47.046,intentional binding,,2025.1.1,60.31748713,2025-11-13 21h18.55.325985 +0530
0.7,1000,exp,400,1,[2.6686832000268623],[2.6686892999568954],4,4,52,11,326.8825274,,326.8670245,326.8825274,327.8820776,327.8820776,327.8820776,373.2702208,space,45.3731321,None,373.2708442,373.9714254,374.2828482,374.2724794,374.2728659,374.2828482,374.2828482,374.2828482,376.9518574,400,1,[2.6686832000268623],[2.6686892999568954],par01,1,2025-11-13_21h18.47.046,intentional binding,,2025.1.1,60.31748713,2025-11-13 21h18.55.325985 +0530
0.7,1000,exp,500,1,[1.6017349999165162],[1.6017419999698177],4,5,53,8,376.967388,,376.9520376,376.967388,377.9494283,377.9494283,377.9837474,378.2496838,space,0.28811,None,378.2502784,378.9505247,379.2789838,379.2533766,379.253757,379.2789838,379.2789838,379.2789838,380.8811906,500,1,[1.6017349999165162],[1.6017419999698177],par01,1,2025-11-13_21h18.47.046,intentional binding,,2025.1.1,60.31748713,2025-11-13 21h18.55.325985 +0530
0.1,1000,exp,600,1,[1.3686900000320747],[1.3686969999689609],4,6,54,9,380.8960823,,380.8813933,380.8960823,381.879347,381.879347,381.8976268,382.7963007,space,0.9053445,None,382.7969378,382.912115,383.2241228,383.2129167,383.213278,383.2241228,383.2241228,383.2241228,384.5930455,600,1,[1.3686900000320747],[1.3686969999689609],par01,1,2025-11-13_21h18.47.046,intentional binding,,2025.1.1,60.31748713,2025-11-13 21h18.55.325985 +0530
0.4,400,unexp,200,1,[2.11356920003891],[2.1135758000891656],4,7,55,1,384.6099239,,384.593214,384.6099239,385.5923718,385.5923718,385.6101233,385.8090216,space,0.2029187,None,385.8095237,386.2096285,386.5414064,386.5216032,386.5219806,386.5414064,386.5414064,386.5414064,388.6552054,200,1,[2.11356920003891],[2.1135758000891656],par01,1,2025-11-13_21h18.47.046,intentional binding,,2025.1.1,60.31748713,2025-11-13 21h18.55.325985 +0530
0.1,1000,exp,200,1,[1.2519503999501467],[1.2519562999950722],4,8,56,6,388.6723066,,388.6553759,388.6723066,389.6553706,389.6553706,389.6739326,391.5209579,space,1.8626999,None,391.521672,391.6209212,391.9497918,391.9232881,391.923737,391.9497918,391.9497918,391.9497918,393.201988,200,1,[1.2519503999501467],[1.2519562999950722],par01,1,2025-11-13_21h18.47.046,intentional binding,,2025.1.1,60.31748713,2025-11-13 21h18.55.325985 +0530
0.7,400,unexp,200,1,[1.632206100039184],[1.6322128999745473],4,9,57,2,393.2168414,,393.2021608,393.2168414,394.2008696,394.2008696,394.2168835,394.9022845,space,0.6827156,None,394.90294,395.617406,395.9322263,395.9162943,395.9167271,395.9322263,395.9322263,395.9322263,397.5646804,200,1,[1.632206100039184],[1.6322128999745473],par01,1,2025-11-13_21h18.47.046,intentional binding,,2025.1.1,60.31748713,2025-11-13 21h18.55.325985 +0530
0.1,1000,exp,300,1,[1.2499605999328196],[1.2499665999785066],4,10,58,3,397.5794984,,397.5648695,397.5794984,398.5790672,398.5790672,398.5790672,399.4471787,space,0.8660319,None,399.4477624,399.5629185,399.8769048,399.8639525,399.8643053,399.8769048,399.8769048,399.8769048,401.1271533,300,1,[1.2499605999328196],[1.2499665999785066],par01,1,2025-11-13_21h18.47.046,intentional binding,,2025.1.1,60.31748713,2025-11-13 21h18.55.325985 +0530
0.1,400,unexp,300,1,[1.6844246999826282],[1.6844315000344068],4,11,59,0,401.1429641,,401.1273531,401.1429641,402.1425293,402.1425293,402.1425293,403.2941151,space,1.1439997,None,403.294914,403.4085216,403.7378832,403.7123482,403.713063,403.7378832,403.7378832,403.7378832,405.4225638,300,1,[1.6844246999826282],[1.6844315000344068],par01,1,2025-11-13_21h18.47.046,intentional binding,,2025.1.1,60.31748713,2025-11-13 21h18.55.325985 +0530
0.7,1000,exp,400,1,[1.6654388000024483],[1.6654446999309584],5,0,60,11,405.4398101,,405.4227322,405.4398101,406.4217114,406.4217114,406.4558916,407.8541118,space,1.4318429,None,407.8548294,408.5545079,408.8696672,408.8554065,408.8557306,408.8696672,408.8696672,408.8696672,410.535364,400,1,[1.6654388000024483],[1.6654446999309584],par01,1,2025-11-13_21h18.47.046,intentional binding,,2025.1.1,60.31748713,2025-11-13 21h18.55.325985 +0530
0.4,1000,exp,600,1,[1.9852446999866515],[1.985250600031577],5,1,61,4,410.5496877,,410.5355333,410.5496877,411.5492695,411.5492695,411.5492695,413.2149448,space,1.650819,None,413.215507,413.6161086,413.9272776,413.9155665,413.9159903,413.9272776,413.9272776,413.9272776,415.9127677,600,1,[1.9852446999866515],[1.985250600031577],par01,1,2025-11-13_21h18.47.046,intentional binding,,2025.1.1,60.31748713,2025-11-13 21h18.55.325985 +0530
0.1,1000,exp,700,1,[2.1997521999292076],[2.1997579999733716],5,2,62,6,415.9281518,,415.912937,415.9281518,416.9276815,416.9276815,416.9276815,420.311783,space,3.3806618,None,420.3125024,420.4260149,420.738525,420.7217111,420.7224056,420.738525,420.738525,420.738525,422.9385521,700,1,[2.1997521999292076],[2.1997579999733716],par01,1,2025-11-13_21h18.47.046,intentional binding,,2025.1.1,60.31748713,2025-11-13 21h18.55.325985 +0530
0.7,1000,exp,800,1,[2.9332342999987304],[2.933241100050509],5,3,63,8,422.9563575,,422.9388979,422.9563575,423.9378534,423.9378534,423.9712988,425.0704691,space,1.1317411,None,425.0711259,425.7702275,426.08246,426.0713633,426.0717391,426.08246,426.08246,426.08246,429.0159324,800,1,[2.9332342999987304],[2.933241100050509],par01,1,2025-11-13_21h18.47.046,intentional binding,,2025.1.1,60.31748713,2025-11-13 21h18.55.325985 +0530
0.1,400,unexp,400,1,[3.502099600038491],[3.502106000087224],5,4,64,0,429.0329375,,429.0161025,429.0329375,430.015541,430.015541,430.0343965,431.4985457,space,1.4720675,None,431.4992922,431.6153138,431.9432574,431.9177548,431.9181999,431.9432574,431.9432574,431.9432574,435.4456707,400,1,[3.502099600038491],[3.502106000087224],par01,1,2025-11-13_21h18.47.046,intentional binding,,2025.1.1,60.31748713,2025-11-13 21h18.55.325985 +0530
0.4,1000,exp,700,1,[1.9335755000356585],[1.9335816000821069],5,5,65,10,435.4593423,,435.4458598,435.4593423,436.4585154,436.4585154,436.4585154,436.4921603,space,0.0253288,None,436.4927052,436.8939875,437.2058485,437.1908501,437.1913499,437.2058485,437.2058485,437.2058485,439.139687,700,1,[1.9335755000356585],[1.9335816000821069],par01,1,2025-11-13_21h18.47.046,intentional binding,,2025.1.1,60.31748713,2025-11-13 21h18.55.325985 +0530
0.7,400,unexp,700,1,[1.234632599982433],[1.2346387000288814],5,6,66,2,439.1561984,,439.13985,439.1561984,440.138966,440.138966,440.155835,441.4217555,space,1.2672222,None,441.4224707,442.1390597,442.4670527,442.4401193,442.4406404,442.4670527,442.4670527,442.4670527,443.7019497,700,1,[1.234632599982433],[1.2346387000288814],par01,1,2025-11-13_21h18.47.046,intentional binding,,2025.1.1,60.31748713,2025-11-13 21h18.55.325985 +0530
0.7,1000,exp,700,1,[4.916756800026633],[4.9167686000000685],5,7,67,5,443.7178957,,443.7021589,443.7178957,444.7004984,444.7004984,444.7182011,446.1847097,space,1.4735239,None,446.1853459,446.9002946,447.2118957,447.1995946,447.2000511,447.2118957,447.2118957,447.2118957,452.129013,700,1,[4.916756800026633],[4.9167686000000685],par01,1,2025-11-13_21h18.47.046,intentional binding,,2025.1.1,60.31748713,2025-11-13 21h18.55.325985 +0530
0.4,1000,exp,800,1,[1.4514036999316886],[1.4514103999827057],5,8,68,7,452.1427602,,452.1291942,452.1427602,453.1432127,453.1432127,453.1432127,453.9093246,space,0.759077,None,453.9101361,454.3095331,454.6382311,454.6130059,454.6134147,454.6382311,454.6382311,454.6382311,456.0899198,800,1,[1.4514036999316886],[1.4514103999827057],par01,1,2025-11-13_21h18.47.046,intentional binding,,2025.1.1,60.31748713,2025-11-13 21h18.55.325985 +0530
0.1,1000,exp,800,1,[1.9347124999621883],[1.9347196000162512],5,9,69,3,456.1048708,,456.0901,456.1048708,457.0896517,457.0896517,457.105596,458.2375221,space,1.1400986,None,458.2381906,458.3381283,458.6508008,458.6356453,458.6363273,458.6508008,458.6508008,458.6508008,460.585746,800,1,[1.9347124999621883],[1.9347196000162512],par01,1,2025-11-13_21h18.47.046,intentional binding,,2025.1.1,60.31748713,2025-11-13 21h18.55.325985 +0530
0.4,400,unexp,600,1,[1.9522119000321254],[1.9522195999743417],5,10,70,1,460.6019842,,460.5859262,460.6019842,461.5839869,461.5839869,461.6179162,462.3694434,space,0.7783473,None,462.3702016,462.7838338,463.0964311,463.082331,463.082833,463.0964311,463.0964311,463.0964311,465.0489227,600,1,[1.9522119000321254],[1.9522195999743417],par01,1,2025-11-13_21h18.47.046,intentional binding,,2025.1.1,60.31748713,2025-11-13 21h18.55.325985 +0530
0.1,1000,exp,700,1,[1.5671613999875262],[1.5671675000339746],5,11,71,9,465.0641519,,465.0491084,465.0641519,466.0639169,466.0639169,466.0639169,466.9141712,space,0.8354065,None,466.9147179,467.0297979,467.3425787,467.3263232,467.3271015,467.3425787,467.3425787,467.3425787,468.9100251,700,1,[1.5671613999875262],[1.5671675000339746],par01,1,2025-11-13_21h18.47.046,intentional binding,,2025.1.1,60.31748713,2025-11-13 21h18.55.325985 +0530
0.1,1000,exp,700,1,[3.0166303999722004],[3.0166371000232175],6,0,72,3,468.9275795,,468.9101926,468.9275795,469.9091957,469.9091957,469.9431687,471.1596541,space,1.2375709,None,471.1602772,471.2757001,471.5880882,471.5717961,471.572786,471.5880882,471.5880882,471.5880882,474.605192,700,1,[3.0166303999722004],[3.0166371000232175],par01,1,2025-11-13_21h18.47.046,intentional binding,,2025.1.1,60.31748713,2025-11-13 21h18.55.325985 +0530
0.4,400,unexp,600,1,[4.133183800033294],[4.133192699984647],6,1,73,1,474.6208121,,474.6053643,474.6208121,475.6049416,475.6049416,475.6220782,476.5554827,space,0.9443277,None,476.5563056,476.9702125,477.2988368,477.2735611,477.2740044,477.2988368,477.2988368,477.2988368,481.4323634,600,1,[4.133183800033294],[4.133192699984647],par01,1,2025-11-13_21h18.47.046,intentional binding,,2025.1.1,60.31748713,2025-11-13 21h18.55.325985 +0530
0.4,1000,exp,600,1,[1.8518022999633104],[1.8518084000097588],6,2,74,4,481.4481599,,481.4325417,481.4481599,482.4306838,482.4306838,482.4480074,483.5470053,space,1.1127761,None,483.5476316,483.9645055,484.2760607,484.2606172,484.2610434,484.2760607,484.2760607,484.2760607,486.1281551,600,1,[1.8518022999633104],[1.8518084000097588],par01,1,2025-11-13_21h18.47.046,intentional binding,,2025.1.1,60.31748713,2025-11-13 21h18.55.325985 +0530
0.4,1000,exp,700,1,[1.5348297000164166],[1.5348355000605807],6,3,75,7,486.1434299,,486.1283212,486.1434299,487.1431335,487.1431335,487.1431335,489.1257565,space,1.9675762,None,489.1263833,489.5417937,489.8698735,489.8440552,489.8444954,489.8698735,489.8698735,489.8698735,491.4049602,700,1,[1.5348297000164166],[1.5348355000605807],par01,1,2025-11-13_21h18.47.046,intentional binding,,2025.1.1,60.31748713,2025-11-13 21h18.55.325985 +0530
0.4,1000,exp,400,1,[1.6486937999725342],[1.6486997999018058],6,4,76,10,491.4216771,,491.4051358,491.4216771,492.4045735,492.4045735,492.4213372,493.7204575,space,1.3142419,None,493.7210038,494.1204271,494.4516563,494.4324323,494.4328199,494.4516563,494.4516563,494.4516563,496.1005868,400,1,[1.6486937999725342],[1.6486997999018058],par01,1,2025-11-13_21h18.47.046,intentional binding,,2025.1.1,60.31748713,2025-11-13 21h18.55.325985 +0530
0.1,400,unexp,800,1,[2.114934099954553],[2.1149399999994785],6,5,77,0,496.1174776,,496.1007521,496.1174776,497.0996728,497.0996728,497.1335034,514.9494441,space,17.8440902,None,514.950234,515.0505615,515.3810238,515.3627835,515.3632796,515.3810238,515.3810238,515.3810238,517.4961943,800,1,[2.114934099954553],[2.1149399999994785],par01,1,2025-11-13_21h18.47.046,intentional binding,,2025.1.1,60.31748713,2025-11-13 21h18.55.325985 +0530
0.7,400,unexp,700,1,[1.1869390000356361],[1.1869448999641463],6,6,78,2,517.513496,,517.4963584,517.513496,518.4946125,518.4946125,518.5282535,519.2609318,space,0.7608405,None,519.2614701,519.9617345,520.2728036,520.2631969,520.2635793,520.2728036,520.2728036,520.2728036,521.4600001,700,1,[1.1869390000356361],[1.1869448999641463],par01,1,2025-11-13_21h18.47.046,intentional binding,,2025.1.1,60.31748713,2025-11-13 21h18.55.325985 +0530
0.7,1000,exp,200,1,[1.6819733999436721],[1.6819821000099182],6,7,79,8,521.4741449,,521.4603287,521.4741449,522.4747756,522.4747756,522.4747756,524.0057753,space,1.5184164,None,524.0062386,524.7066551,525.0217374,525.0058064,525.0061546,525.0217374,525.0217374,525.0217374,526.703967,200,1,[1.6819733999436721],[1.6819821000099182],par01,1,2025-11-13_21h18.47.046,intentional binding,,2025.1.1,60.31748713,2025-11-13 21h18.55.325985 +0530
0.1,1000,exp,300,1,[1.867942100041546],[1.86794790008571],6,8,80,6,526.7209596,,526.7041385,526.7209596,527.7029721,527.7029721,527.7355665,528.6864989,space,0.9726346,None,528.6871289,528.8027249,529.1143851,529.1035172,529.1039329,529.1143851,529.1143851,529.1143851,530.9825655,300,1,[1.867942100041546],[1.86794790008571],par01,1,2025-11-13_21h18.47.046,intentional binding,,2025.1.1,60.31748713,2025-11-13 21h18.55.325985 +0530
0.7,1000,exp,300,1,[1.4006192000815645],[1.4006359999766573],6,9,81,5,530.9991714,,530.9827335,530.9991714,531.9832151,531.9832151,531.9999554,533.1321955,space,1.1354534,None,533.132912,533.8470674,534.1602751,534.1455156,534.1460507,534.1602751,534.1602751,534.1602751,535.5612724,300,1,[1.4006192000815645],[1.4006359999766573],par01,1,2025-11-13_21h18.47.046,intentional binding,,2025.1.1,60.31748713,2025-11-13 21h18.55.325985 +0530
0.1,1000,exp,300,1,[3.9333262000000104],[3.933334300061688],6,10,82,9,535.5780365,,535.5615687,535.5780365,536.560715,536.560715,536.5787465,540.0908266,space,3.5269805,None,540.0914237,540.1921505,540.5036083,540.4898349,540.4902636,540.5036083,540.5036083,540.5036083,544.4373682,300,1,[3.9333262000000104],[3.933334300061688],par01,1,2025-11-13_21h18.47.046,intentional binding,,2025.1.1,60.31748713,2025-11-13 21h18.55.325985 +0530
0.7,1000,exp,350,1,[2.183534699957818],[2.183540800004266],6,11,83,11,544.4528945,,544.4375545,544.4528945,545.43515,545.43515,545.4690271,545.5690463,space,0.1247908,None,545.569631,546.269835,546.5978367,546.5722142,546.5726757,546.5978367,546.5978367,546.5978367,548.7816375,350,1,[2.183534699957818],[2.183540800004266],par01,1,2025-11-13_21h18.47.046,intentional binding,,2025.1.1,60.31748713,2025-11-13 21h18.55.325985 +0530
0.4,1000,exp,400,1,[1.3359562000259757],[1.3359644999727607],7,0,84,10,548.7988776,,548.7818034,548.7988776,549.7815122,549.7815122,549.7992271,550.4804668,space,0.6860778,None,550.4812119,550.8816862,551.1926274,551.1811898,551.1815608,551.1926274,551.1926274,551.1926274,552.5288618,400,1,[1.3359562000259757],[1.3359644999727607],par01,1,2025-11-13_21h18.47.046,intentional binding,,2025.1.1,60.31748713,2025-11-13 21h18.55.325985 +0530
0.4,1000,exp,400,1,[3.417661500046961],[3.417767700040713],7,1,85,4,552.5458326,,552.5290433,552.5458326,553.5289416,553.5289416,553.5446173,554.3602841,space,0.8214556,None,554.3609399,554.7609198,555.0890726,555.0635443,555.0639335,555.0890726,555.0890726,555.0890726,558.5072438,400,1,[3.417661500046961],[3.417767700040713],par01,1,2025-11-13_21h18.47.046,intentional binding,,2025.1.1,60.31748713,2025-11-13 21h18.55.325985 +0530
0.7,1000,exp,200,1,[2.186097600031644],[2.186105699976906],7,2,86,5,558.5217536,,558.5075026,558.5217536,559.52057,559.52057,559.52057,560.1876207,space,0.6569963,None,560.1881384,560.8881552,561.2001722,561.1835036,561.184485,561.2001722,561.2001722,561.2001722,563.3865931,200,1,[2.186097600031644],[2.186105699976906],par01,1,2025-11-13_21h18.47.046,intentional binding,,2025.1.1,60.31748713,2025-11-13 21h18.55.325985 +0530
0.4,400,unexp,300,1,[1.3519638000288978],[1.351969699957408],7,3,87,1,563.4008279,,563.3867618,563.4008279,564.3997064,564.3997064,564.3997064,565.3184945,space,0.9104066,None,565.3194626,565.7345237,566.0454502,566.0325882,566.0329756,566.0454502,566.0454502,566.0454502,567.3976673,300,1,[1.3519638000288978],[1.351969699957408],par01,1,2025-11-13_21h18.47.046,intentional binding,,2025.1.1,60.31748713,2025-11-13 21h18.55.325985 +0530
0.1,400,unexp,350,1,[1.752198199974373],[1.752204000018537],7,4,88,0,567.4126296,,567.3978347,567.4126296,568.4125261,568.4125261,568.4125261,569.9461593,space,1.5303527,None,569.9467961,570.045966,570.3578103,570.343211,570.3437105,570.3578103,570.3578103,570.3578103,572.1102427,350,1,[1.752198199974373],[1.752204000018537],par01,1,2025-11-13_21h18.47.046,intentional binding,,2025.1.1,60.31748713,2025-11-13 21h18.55.325985 +0530
0.1,1000,exp,400,1,[2.16721610003151],[2.1672217999584973],7,5,89,6,572.12448,,572.1104108,572.12448,573.1091805,573.1091805,573.1251031,574.7412787,space,1.6307201,None,574.7418364,574.856923,575.1698876,575.1531573,575.1542411,575.1698876,575.1698876,575.1698876,577.3377354,400,1,[2.16721610003151],[2.1672217999584973],par01,1,2025-11-13_21h18.47.046,intentional binding,,2025.1.1,60.31748713,2025-11-13 21h18.55.325985 +0530
0.1,1000,exp,450,1,[1.4519428999628872],[1.4519489000085741],7,6,90,9,577.3537723,,577.3379071,577.3537723,578.3358791,578.3358791,578.3695365,579.7019442,space,1.3618892,None,579.7025676,579.8029387,580.1141123,580.1033657,580.1037878,580.1141123,580.1141123,580.1141123,581.5662882,450,1,[1.4519428999628872],[1.4519489000085741],par01,1,2025-11-13_21h18.47.046,intentional binding,,2025.1.1,60.31748713,2025-11-13 21h18.55.325985 +0530
0.7,1000,exp,500,1,[1.1183507000096142],[1.1183568000560626],7,7,91,8,581.5828135,,581.5664802,581.5828135,582.5663137,582.5663137,582.582811,582.7838364,space,0.212575,None,582.7845377,583.4981029,583.8115138,583.7955635,583.7976325,583.8115138,583.8115138,583.8115138,584.9301372,500,1,[1.1183507000096142],[1.1183568000560626],par01,1,2025-11-13_21h18.47.046,intentional binding,,2025.1.1,60.31748713,2025-11-13 21h18.55.325985 +0530
0.4,1000,exp,500,1,[1.3852917000185698],[1.385369100025855],7,8,92,7,584.9460227,,584.9303125,584.9460227,585.9291985,585.9291985,585.9477391,586.4286587,space,0.4920442,None,586.4293734,586.8281683,587.1582662,587.1324478,587.1328566,587.1582662,587.1582662,587.1582662,588.5445748,500,1,[1.3852917000185698],[1.385369100025855],par01,1,2025-11-13_21h18.47.046,intentional binding,,2025.1.1,60.31748713,2025-11-13 21h18.55.325985 +0530
0.7,1000,exp,400,1,[1.069105300004594],[1.0691118999384344],7,9,93,11,588.5583828,,588.5447744,588.5583828,589.5584606,589.5584606,589.5584606,591.0755326,space,1.4991734,None,591.0761928,591.7913292,592.1028741,592.0914187,592.0918955,592.1028741,592.1028741,592.1028741,593.1722148,400,1,[1.069105300004594],[1.0691118999384344],par01,1,2025-11-13_21h18.47.046,intentional binding,,2025.1.1,60.31748713,2025-11-13 21h18.55.325985 +0530
0.7,400,unexp,400,1,[2.3511266000568867],[2.351135400007479],7,10,94,2,593.1879855,,593.1727518,593.1879855,594.1703556,594.1703556,594.1885012,595.4363705,space,1.2553155,None,595.4370469,596.1376097,596.4488969,596.4325076,596.4333765,596.4488969,596.4488969,596.4488969,598.8003299,400,1,[2.3511266000568867],[2.351135400007479],par01,1,2025-11-13_21h18.47.046,intentional binding,,2025.1.1,60.31748713,2025-11-13 21h18.55.325985 +0530
0.1,1000,exp,300,1,[1.7670678000431508],[1.767073699971661],7,11,95,3,598.8150582,,598.8005743,598.8150582,599.8145202,599.8145202,599.8145202,602.9313974,space,3.1092101,None,602.9322532,603.0453801,603.3588863,603.3435549,603.3441929,603.3588863,603.3588863,603.3588863,605.1262568,300,1,[1.7670678000431508],[1.767073699971661],par01,1,2025-11-13_21h18.47.046,intentional binding,,2025.1.1,60.31748713,2025-11-13 21h18.55.325985 +0530
0.1,400,unexp,300,1,[4.498317699995823],[4.498324799933471],8,0,96,0,605.1444436,,605.1264252,605.1444436,606.1268198,606.1268198,606.1446881,607.8915087,space,1.7593628,None,607.8922172,607.9922173,608.30398,608.2909901,608.2913866,608.30398,608.30398,608.30398,612.8025389,300,1,[4.498317699995823],[4.498324799933471],par01,1,2025-11-13_21h18.47.046,intentional binding,,2025.1.1,60.31748713,2025-11-13 21h18.55.325985 +0530
0.1,1000,exp,400,1,[2.93407690001186],[2.9340837999479845],8,1,97,3,612.8182214,,612.8027341,612.8182214,613.8034843,613.8034843,613.8184642,615.0495829,space,1.2321812,None,615.0500687,615.1509802,615.4630719,615.4501695,615.4506588,615.4630719,615.4630719,615.4630719,618.3973814,400,1,[2.93407690001186],[2.9340837999479845],par01,1,2025-11-13_21h18.47.046,intentional binding,,2025.1.1,60.31748713,2025-11-13 21h18.55.325985 +0530
0.7,1000,exp,400,1,[2.419097099918872],[2.4191029999637976],8,2,98,8,618.4138782,,618.3975992,618.4138782,619.3957592,619.3957592,619.4295774,620.8471135,space,1.4480202,None,620.8478164,621.5613244,621.8731183,621.862897,621.8632878,621.8731183,621.8731183,621.8731183,624.2924476,400,1,[2.419097099918872],[2.4191029999637976],par01,1,2025-11-13_21h18.47.046,intentional binding,,2025.1.1,60.31748713,2025-11-13 21h18.55.325985 +0530
0.7,1000,exp,500,1,[1.5685502999695018],[1.5685564000159502],8,3,99,5,624.3066178,,624.2926129,624.3066178,625.3077619,625.3077619,625.3077619,626.0241945,space,0.7078283,None,626.02484,626.7406456,627.0515166,627.0391236,627.0395348,627.0515166,627.0515166,627.0515166,628.6202994,500,1,[1.5685502999695018],[1.5685564000159502],par01,1,2025-11-13_21h18.47.046,intentional binding,,2025.1.1,60.31748713,2025-11-13 21h18.55.325985 +0530
0.1,1000,exp,800,1,[4.531333100050688],[4.53133880009409],8,4,100,6,628.6366958,,628.6204836,628.6366958,629.619128,629.619128,629.6364995,630.7693989,space,1.1334677,None,630.7700219,630.8857631,631.1989106,631.181258,631.1823703,631.1989106,631.1989106,631.1989106,635.7305499,800,1,[4.531333100050688],[4.53133880009409],par01,1,2025-11-13_21h18.47.046,intentional binding,,2025.1.1,60.31748713,2025-11-13 21h18.55.325985 +0530
0.7,400,unexp,900,1,[4.265890300041065],[4.2658976999809965],8,5,101,2,635.7468145,,635.7307167,635.7468145,636.7287261,636.7287261,636.7628623,637.4477339,space,0.7124291,None,637.4487538,638.1633022,638.4742174,638.4591205,638.4595546,638.4742174,638.4742174,638.4742174,642.7405525,900,1,[4.265890300041065],[4.2658976999809965],par01,1,2025-11-13_21h18.47.046,intentional binding,,2025.1.1,60.31748713,2025-11-13 21h18.55.325985 +0530
0.4,1000,exp,600,1,[2.1866209000581875],[2.1866266999859363],8,6,102,7,642.7567379,,642.7407436,642.7567379,643.7390979,643.7390979,643.7558961,645.2575322,space,1.5015954,None,645.2584277,645.6723188,645.9830334,645.9686729,645.9690681,645.9830334,645.9830334,645.9830334,648.1698867,600,1,[2.1866209000581875],[2.1866266999859363],par01,1,2025-11-13_21h18.47.046,intentional binding,,2025.1.1,60.31748713,2025-11-13 21h18.55.325985 +0530
0.1,1000,exp,200,1,[2.8844641000032425],[2.8844703999347985],8,7,103,9,648.1844845,,648.1700656,648.1844845,649.18369,649.18369,649.18369,649.7843912,space,0.6001714,None,649.7852829,649.8836172,650.1962713,650.1805618,650.1814283,650.1962713,650.1962713,650.1962713,653.0809752,200,1,[2.8844641000032425],[2.8844703999347985],par01,1,2025-11-13_21h18.47.046,intentional binding,,2025.1.1,60.31748713,2025-11-13 21h18.55.325985 +0530
0.4,400,unexp,900,1,[3.716992599889636],[3.7169984999345616],8,8,104,1,653.095766,,653.081141,653.095766,654.0784886,654.0784886,654.0965682,654.6975954,space,0.6170427,None,654.698254,655.1132305,655.4246807,655.4099593,655.4104991,655.4246807,655.4246807,655.4246807,659.1419287,900,1,[3.716992599889636],[3.7169984999345616],par01,1,2025-11-13_21h18.47.046,intentional binding,,2025.1.1,60.31748713,2025-11-13 21h18.55.325985 +0530
0.4,1000,exp,800,1,[2.1018381000030786],[2.1018439999315888],8,9,105,4,659.1563575,,659.1420951,659.1563575,660.1563609,660.1563609,660.1563609,661.6218254,space,1.4583856,None,661.6226246,662.0226839,662.3338994,662.3198887,662.320337,662.3338994,662.3338994,662.3338994,664.43597,800,1,[2.1018381000030786],[2.1018439999315888],par01,1,2025-11-13_21h18.47.046,intentional binding,,2025.1.1,60.31748713,2025-11-13 21h18.55.325985 +0530
0.4,1000,exp,700,1,[9.344003000063822],[9.344009799999185],8,10,106,10,664.4514643,,664.4361378,664.4514643,665.4513048,665.4513048,665.4513048,670.0304297,space,4.5666665,None,670.0310314,670.4297088,670.7420545,670.7302393,670.7306801,670.7420545,670.7420545,670.7420545,680.0863051,700,1,[9.344003000063822],[9.344009799999185],par01,1,2025-11-13_21h18.47.046,intentional binding,,2025.1.1,60.31748713,2025-11-13 21h18.55.325985 +0530
0.7,1000,exp,700,1,[15.420659699942917],[15.420665799989365],8,11,107,11,680.1031055,,680.0864847,680.1031055,681.0858769,681.0858769,681.1036583,682.7511113,space,1.6630019,None,682.7517071,683.4512651,683.7797313,683.7520436,683.7530534,683.7797313,683.7797313,683.7797313,699.200653,700,1,[15.420659699942917],[15.420665799989365],par01,1,2025-11-13_21h18.47.046,intentional binding,,2025.1.1,60.31748713,2025-11-13 21h18.55.325985 +0530
0.4,1000,exp,500,1,[4.032514899969101],[4.032520700013265],9,0,108,10,699.2186617,,699.20083,699.2186617,700.2006844,700.2006844,700.2344299,702.631323,space,2.4197489,None,702.6319991,703.0329836,703.3609027,703.3364733,703.3368111,703.3609027,703.3609027,703.3609027,707.3936704,500,1,[4.032514899969101],[4.032520700013265],par01,1,2025-11-13_21h18.47.046,intentional binding,,2025.1.1,60.31748713,2025-11-13 21h18.55.325985 +0530
0.4,1000,exp,300,1,[2.5027769999578595],[2.502783800009638],9,1,109,4,707.4095945,,707.3938417,707.4095945,708.4086449,708.4086449,708.4086449,710.0412054,space,1.6233893,None,710.0418604,710.4413948,710.7527501,710.7414185,710.7418517,710.7527501,710.7527501,710.7527501,713.2559317,300,1,[2.5027769999578595],[2.502783800009638],par01,1,2025-11-13_21h18.47.046,intentional binding,,2025.1.1,60.31748713,2025-11-13 21h18.55.325985 +0530
0.4,1000,exp,200,1,[2.900298900087364],[2.90030520001892],9,2,110,7,713.2693878,,713.2561093,713.2693878,714.2694644,714.2694644,714.2694644,714.7196732,space,0.4352989,None,714.7201664,715.1191171,715.4316303,715.4211572,715.4215386,715.4316303,715.4316303,715.4316303,718.3321661,200,1,[2.900298900087364],[2.90030520001892],par01,1,2025-11-13_21h18.47.046,intentional binding,,2025.1.1,60.31748713,2025-11-13 21h18.55.325985 +0530
0.7,400,unexp,900,1,[2.2644951000111178],[2.2645013000583276],9,3,111,2,718.3492758,,718.3323329,718.3492758,719.3320633,719.3320633,719.3489872,720.4811135,space,1.1478238,None,720.4817126,721.1806688,721.5122666,721.4927486,721.4931454,721.5122666,721.5122666,721.5122666,723.7770026,900,1,[2.2644951000111178],[2.2645013000583276],par01,1,2025-11-13_21h18.47.046,intentional binding,,2025.1.1,60.31748713,2025-11-13 21h18.55.325985 +0530
0.7,1000,exp,300,1,[11.311238500056788],[11.31124519999139],9,4,112,5,723.7932702,,723.7772761,723.7932702,724.775779,724.775779,724.7919001,729.9052341,space,5.127074,None,729.9057529,730.622027,730.9330127,730.9225199,730.9229382,730.9330127,730.9330127,730.9330127,742.2445948,300,1,[11.311238500056788],[11.31124519999139],par01,1,2025-11-13_21h18.47.046,intentional binding,,2025.1.1,60.31748713,2025-11-13 21h18.55.325985 +0530
0.7,1000,exp,200,1,[6.775796000030823],[6.775802499963902],9,5,113,11,742.2584553,,742.2449475,742.2584553,743.258486,743.258486,743.258486,744.9909631,space,1.7263042,None,744.9918422,745.6902748,746.0224828,746.0031904,746.0037859,746.0224828,746.0224828,746.0224828,752.798511,200,1,[6.775796000030823],[6.775802499963902],par01,1,2025-11-13_21h18.47.046,intentional binding,,2025.1.1,60.31748713,2025-11-13 21h18.55.325985 +0530
0.1,1000,exp,250,1,[6.781924800015986],[6.781932100071572],9,6,114,9,752.8144232,,752.7990115,752.8144232,753.7980817,753.7980817,753.814476,761.0759251,space,7.2691156,None,761.0765827,761.1917664,761.5030479,761.4916669,761.4920608,761.5030479,761.5030479,761.5030479,768.2852571,250,1,[6.781924800015986],[6.781932100071572],par01,1,2025-11-13_21h18.47.046,intentional binding,,2025.1.1,60.31748713,2025-11-13 21h18.55.325985 +0530
0.4,400,unexp,500,1,[6.09645760001149],[6.096463600057177],9,7,115,1,768.2987785,,768.2854655,768.2987785,769.2983687,769.2983687,769.2983687,771.1311648,space,1.8322566,None,771.1318879,771.5310061,771.8431269,771.8315707,771.8319785,771.8431269,771.8431269,771.8431269,777.9398173,500,1,[6.09645760001149],[6.096463600057177],par01,1,2025-11-13_21h18.47.046,intentional binding,,2025.1.1,60.31748713,2025-11-13 21h18.55.325985 +0530
0.1,400,unexp,350,1,[13.008322999929078],[13.008328599971719],9,8,116,0,777.9570122,,777.9400014,777.9570122,778.9404174,778.9404174,778.9573888,779.872424,space,0.9243962,None,779.873011,779.9724565,780.2850833,780.2702648,780.2707135,780.2850833,780.2850833,780.2850833,793.293693,350,1,[13.008322999929078],[13.008328599971719],par01,1,2025-11-13_21h18.47.046,intentional binding,,2025.1.1,60.31748713,2025-11-13 21h18.55.325985 +0530
0.1,1000,exp,330,1,[20.5668162999209],[20.56682239996735],9,9,117,6,793.3080485,,793.2938754,793.3080485,794.307337,794.307337,794.307337,796.0254518,space,1.6996753,None,796.0262626,796.1399697,796.4691411,796.4425961,796.4430478,796.4691411,796.4691411,796.4691411,817.036214,330,1,[20.5668162999209],[20.56682239996735],par01,1,2025-11-13_21h18.47.046,intentional binding,,2025.1.1,60.31748713,2025-11-13 21h18.55.325985 +0530
0.7,1000,exp,150,1,[5.644082599901594],[5.644088199944235],9,10,118,8,817.0508085,,817.0363826,817.0508085,818.051249,818.051249,818.051249,819.3173769,space,1.2525981,None,819.3182747,820.0173892,820.3328823,820.3177679,820.3181207,820.3328823,820.3328823,820.3328823,825.977224,150,1,[5.644082599901594],[5.644088199944235],par01,1,2025-11-13_21h18.47.046,intentional binding,,2025.1.1,60.31748713,2025-11-13 21h18.55.325985 +0530
0.1,1000,exp,200,1,[12.291227899957448],[12.291259199962951],9,11,119,3,825.9922444,,825.9773877,825.9922444,826.992287,826.992287,826.992287,828.4256941,space,1.430111,None,828.4263414,828.5252503,828.8371154,828.8191348,828.8199579,828.8371154,828.8371154,828.8371154,841.1286901,200,1,[12.291227899957448],[12.291259199962951],par01,1,2025-11-13_21h18.47.046,intentional binding,,2025.1.1,60.31748713,2025-11-13 21h18.55.325985 +0530
0.4,1000,exp,100,1,[5.365329699940048],[5.3653398000169545],10,0,120,10,841.1455186,,841.1289142,841.1455186,842.1274248,842.1274248,842.1611495,843.346643,space,1.2114569,None,843.3478396,843.7610294,844.0725708,844.0592009,844.0596733,844.0725708,844.0725708,844.0725708,849.4381589,100,1,[5.365329699940048],[5.3653398000169545],par01,1,2025-11-13_21h18.47.046,intentional binding,,2025.1.1,60.31748713,2025-11-13 21h18.55.325985 +0530
0.4,1000,exp,150,1,[8.02929829992354],[8.029304199968465],10,1,121,7,849.4535871,,849.4383404,849.4535871,850.4547399,850.4547399,850.4547399,854.9324757,space,4.4753696,None,854.9330945,855.3334862,855.6445673,855.6297321,855.6303767,855.6445673,855.6445673,855.6445673,863.6741089,150,1,[8.02929829992354],[8.029304199968465],par01,1,2025-11-13_21h18.47.046,intentional binding,,2025.1.1,60.31748713,2025-11-13 21h18.55.325985 +0530
0.7,1000,exp,170,1,[8.661483500036411],[8.661489599966444],10,2,122,8,863.6900201,,863.6742781,863.6900201,864.6726688,864.6726688,864.6896586,866.2229625,space,1.5415015,None,866.2239468,866.936786,867.2492725,867.238474,867.2388214,867.2492725,867.2492725,867.2492725,875.9110025,170,1,[8.661483500036411],[8.661489599966444],par01,1,2025-11-13_21h18.47.046,intentional binding,,2025.1.1,60.31748713,2025-11-13 21h18.55.325985 +0530
0.7,400,unexp,400,1,[5.415459500043653],[5.415465399972163],10,3,123,2,875.9279507,,875.9111699,875.9279507,876.9096458,876.9096458,876.9437308,877.7434696,space,0.8300567,None,877.7440548,878.4426302,878.7551493,878.7410905,878.7414722,878.7551493,878.7551493,878.7551493,884.1708472,400,1,[5.415459500043653],[5.415465399972163],par01,1,2025-11-13_21h18.47.046,intentional binding,,2025.1.1,60.31748713,2025-11-13 21h18.55.325985 +0530
0.4,400,unexp,550,1,[7.062822900013998],[7.06282889994327],10,4,124,1,884.185386,,884.1710216,884.185386,885.1847632,885.1847632,885.1847632,887.5665371,space,2.3644024,None,887.5670027,887.9659687,888.2792047,888.2604229,888.2613191,888.2792047,888.2792047,888.2792047,895.3422817,550,1,[7.062822900013998],[7.06282889994327],par01,1,2025-11-13_21h18.47.046,intentional binding,,2025.1.1,60.31748713,2025-11-13 21h18.55.325985 +0530
0.1,1000,exp,110,1,[5.352761400048621],[5.352771100006066],10,5,125,9,895.3587833,,895.3424564,895.3587833,896.34068,896.34068,896.3746729,897.4903941,space,1.1377505,None,897.490998,897.590238,897.9023717,897.8911737,897.8916018,897.9023717,897.9023717,897.9023717,903.2554632,110,1,[5.352761400048621],[5.352771100006066],par01,1,2025-11-13_21h18.47.046,intentional binding,,2025.1.1,60.31748713,2025-11-13 21h18.55.325985 +0530
0.1,1000,exp,170,1,[5.082641799934208],[5.082647899980657],10,6,126,3,903.2674336,,903.2557076,903.2674336,904.2663658,904.2663658,904.2663658,906.4158795,space,2.1462099,None,906.4165109,906.5315831,906.8442078,906.831362,906.8316836,906.8442078,906.8442078,906.8442078,911.9270857,170,1,[5.082641799934208],[5.082647899980657],par01,1,2025-11-13_21h18.47.046,intentional binding,,2025.1.1,60.31748713,2025-11-13 21h18.55.325985 +0530
0.1,400,unexp,220,1,[8.628756800084375],[8.62876300001517],10,7,127,0,911.941748,,911.927387,911.941748,912.9417921,912.9417921,912.9417921,914.8094623,space,1.858873,None,914.8103781,914.9227308,915.2360137,915.2233231,915.223755,915.2360137,915.2360137,915.2360137,923.8651961,220,1,[8.628756800084375],[8.62876300001517],par01,1,2025-11-13_21h18.47.046,intentional binding,,2025.1.1,60.31748713,2025-11-13 21h18.55.325985 +0530
0.4,1000,exp,50,1,[22.631166100036353],[22.63117179996334],10,8,128,4,923.8792149,,923.8653915,923.8792149,924.8801122,924.8801122,924.8801122,927.2440215,space,2.3554905,None,927.2445044,927.6447185,927.9568726,927.9417299,927.9421003,927.9568726,927.9568726,927.9568726,950.5883048,50,1,[22.631166100036353],[22.63117179996334],par01,1,2025-11-13_21h18.47.046,intentional binding,,2025.1.1,60.31748713,2025-11-13 21h18.55.325985 +0530
0.1,1000,exp,130,1,[9.457138400059193],[9.457144899992272],10,9,129,6,950.6045403,,950.5884916,950.6045403,951.6036029,951.6036029,951.6194899,951.806374,space,0.1943235,None,951.8072064,951.9206489,952.2367051,952.2227776,952.2230911,952.2367051,952.2367051,952.2367051,961.694069,130,1,[9.457138400059193],[9.457144899992272],par01,1,2025-11-13_21h18.47.046,intentional binding,,2025.1.1,60.31748713,2025-11-13 21h18.55.325985 +0530
0.7,1000,exp,600,1,[6.228486499981955],[6.228493600036018],10,10,130,5,961.7101744,,961.6942382,961.7101744,962.7087256,962.7087256,962.7259477,963.5414636,space,0.8240132,None,963.5421268,964.2435641,964.5576569,964.5433706,964.5437013,964.5576569,964.5576569,964.5576569,970.7864322,600,1,[6.228486499981955],[6.228493600036018],par01,1,2025-11-13_21h18.47.046,intentional binding,,2025.1.1,60.31748713,2025-11-13 21h18.55.325985 +0530
0.7,1000,exp,80,1,[9.761273100040853],[9.761283100000583],10,11,131,11,970.8000378,,970.7866043,970.8000378,971.8003226,971.8003226,971.8003226,972.7170486,space,0.9072483,None,972.7177827,973.4334808,973.7450478,973.73332,973.7337387,973.7450478,973.7450478,973.7450478,983.5066459,80,1,[9.761273100040853],[9.761283100000583],par01,1,2025-11-13_21h18.47.046,intentional binding,,2025.1.1,60.31748713,2025-11-13 21h18.55.325985 +0530
0.1,1000,exp,250,1,[8.145417500054464],[8.145423499983735],11,0,132,9,983.5207213,,983.5069306,983.5207213,984.522173,984.522173,984.522173,986.1543245,space,1.6293108,None,986.1550361,986.2542775,986.5659899,986.5482276,986.5489326,986.5659899,986.5659899,986.5659899,994.7116414,250,1,[8.145417500054464],[8.145423499983735],par01,1,2025-11-13_21h18.47.046,intentional binding,,2025.1.1,60.31748713,2025-11-13 21h18.55.325985 +0530
0.1,400,unexp,700,1,[7.613297699950635],[7.613305400009267],11,1,133,0,994.7266205,,994.7120382,994.7266205,995.711556,995.711556,995.7265904,997.4435557,space,1.7293241,None,997.4441323,997.5592564,997.8883959,997.8612604,997.8617114,997.8883959,997.8883959,997.8883959,1005.501979,700,1,[7.613297699950635],[7.613305400009267],par01,1,2025-11-13_21h18.47.046,intentional binding,,2025.1.1,60.31748713,2025-11-13 21h18.55.325985 +0530
0.4,1000,exp,280,1,[6.38225110003259],[6.38226039998699],11,2,134,4,1005.516572,,1005.502157,1005.516572,1006.499932,1006.499932,1006.515415,1010.879652,space,4.3727558,None,1010.880491,1011.27975,1011.607784,1011.581673,1011.582092,1011.607784,1011.607784,1011.607784,1017.990361,280,1,[6.38225110003259],[6.38226039998699],par01,1,2025-11-13_21h18.47.046,intentional binding,,2025.1.1,60.31748713,2025-11-13 21h18.55.325985 +0530
0.4,1000,exp,180,1,[7.627830200013705],[7.627836399944499],11,3,135,10,1018.004304,,1017.990602,1018.004304,1019.004386,1019.004386,1019.004386,1020.803296,space,1.7884844,None,1020.80394,1021.202376,1021.515392,1021.502826,1021.503322,1021.515392,1021.515392,1021.515392,1029.14347,180,1,[7.627830200013705],[7.627836399944499],par01,1,2025-11-13_21h18.47.046,intentional binding,,2025.1.1,60.31748713,2025-11-13 21h18.55.325985 +0530
0.7,1000,exp,460,1,[4.78250410000328],[4.782510099932551],11,4,136,11,1029.161488,,1029.143635,1029.161488,1030.143062,1030.143062,1030.176877,1033.025632,space,2.8750732,None,1033.026597,1033.740867,1034.052559,1034.039882,1034.040263,1034.052559,1034.052559,1034.052559,1038.835295,460,1,[4.78250410000328],[4.782510099932551],par01,1,2025-11-13_21h18.47.046,intentional binding,,2025.1.1,60.31748713,2025-11-13 21h18.55.325985 +0530
0.4,1000,exp,120,1,[10.410522599937394],[10.410528599983081],11,5,137,7,1038.84968,,1038.835462,1038.84968,1039.850129,1039.850129,1039.850129,1040.882243,space,1.0270656,None,1040.882952,1041.283091,1041.61111,1041.588132,1041.588466,1041.61111,1041.61111,1041.61111,1052.021868,120,1,[10.410522599937394],[10.410528599983081],par01,1,2025-11-13_21h18.47.046,intentional binding,,2025.1.1,60.31748713,2025-11-13 21h18.55.325985 +0530
0.1,1000,exp,900,1,[4.799062000005506],[4.799068799940869],11,6,138,6,1052.037364,,1052.02204,1052.037364,1053.037279,1053.037279,1053.037279,1055.002344,space,1.9623918,None,1055.002951,1055.118589,1055.431277,1055.419546,1055.41994,1055.431277,1055.431277,1055.431277,1060.230567,90,1,[4.799062000005506],[4.799068799940869],par01,1,2025-11-13_21h18.47.046,intentional binding,,2025.1.1,60.31748713,2025-11-13 21h18.55.325985 +0530
0.7,1000,exp,800,1,[5.29924610001035],[5.299252100056037],11,7,139,5,1060.246433,,1060.231098,1060.246433,1061.228665,1061.228665,1061.263272,1062.661319,space,1.4187351,None,1062.662165,1063.361695,1063.673687,1063.660952,1063.661387,1063.673687,1063.673687,1063.673687,1068.973166,460,1,[5.29924610001035],[5.299252100056037],par01,1,2025-11-13_21h18.47.046,intentional binding,,2025.1.1,60.31748713,2025-11-13 21h18.55.325985 +0530
0.7,400,unexp,360,1,[6.9640751999104396],[6.964081999962218],11,8,140,2,1068.987146,,1068.97334,1068.987146,1069.987588,1069.987588,1069.987588,1072.851909,space,2.8501523,None,1072.852599,1073.551481,1073.863349,1073.84902,1073.849797,1073.863349,1073.863349,1073.863349,1080.827664,360,1,[6.9640751999104396],[6.964081999962218],par01,1,2025-11-13_21h18.47.046,intentional binding,,2025.1.1,60.31748713,2025-11-13 21h18.55.325985 +0530
0.4,400,unexp,380,1,[4.466516699991189],[4.466522900038399],11,9,141,1,1080.84263,,1080.827836,1080.84263,1081.842275,1081.842275,1081.842275,1083.55988,space,1.7101912,None,1083.560735,1083.974009,1084.286925,1084.271553,1084.272061,1084.286925,1084.286925,1084.286925,1088.753731,380,1,[4.466516699991189],[4.466522900038399],par01,1,2025-11-13_21h18.47.046,intentional binding,,2025.1.1,60.31748713,2025-11-13 21h18.55.325985 +0530
0.1,1000,exp,700,1,[5.531894800020382],[5.5319014000706375],11,10,142,3,1088.769002,,1088.75391,1088.769002,1089.768749,1089.768749,1089.768749,1090.650082,space,0.87206,None,1090.650569,1090.751318,1091.062948,1091.051657,1091.052032,1091.062948,1091.062948,1091.062948,1096.595071,260,1,[5.531894800020382],[5.5319014000706375],par01,1,2025-11-13_21h18.47.046,intentional binding,,2025.1.1,60.31748713,2025-11-13 21h18.55.325985 +0530
0.7,1000,exp,800,1,[7.461941399960779],[7.461947900010273],11,11,143,8,1096.610101,,1096.595266,1096.610101,1097.610527,1097.610527,1097.610527,1098.709161,space,1.0836191,None,1098.709726,1099.410773,1099.738287,1099.712408,1099.712798,1099.738287,1099.738287,1099.738287,1107.200678,650,1,[7.461941399960779],[7.461947900010273],par01,1,2025-11-13_21h18.47.046,intentional binding,,2025.1.1,60.31748713,2025-11-13 21h18.55.325985 +0530
0.4,400,unexp,280,1,[39.14992090000305],[39.1499266999308],12,0,144,1,1107.21736,,1107.200868,1107.21736,1108.199439,1108.199439,1108.233014,1109.749999,space,1.5448444,None,1109.750596,1110.166065,1110.477565,1110.460133,1110.46087,1110.477565,1110.477565,1110.477565,1149.62775,280,1,[39.14992090000305],[39.1499266999308],par01,1,2025-11-13_21h18.47.046,intentional binding,,2025.1.1,60.31748713,2025-11-13 21h18.55.325985 +0530
0.4,1000,exp,600,1,[29.308896100032143],[29.308901900076307],12,1,145,10,1149.64189,,1149.627916,1149.64189,1150.641016,1150.641016,1150.641016,1151.940267,space,1.2916566,None,1151.940922,1152.34237,1152.653027,1152.638106,1152.639099,1152.653027,1152.653027,1152.653027,1181.962155,600,1,[29.308896100032143],[29.308901900076307],par01,1,2025-11-13_21h18.47.046,intentional binding,,2025.1.1,60.31748713,2025-11-13 21h18.55.325985 +0530
0.1,1000,exp,460,1,[5.050258600036614],[5.0502661999780685],12,2,146,9,1181.97663,,1181.96232,1181.97663,1182.976779,1182.976779,1182.976779,1184.327851,space,1.3506316,None,1184.32877,1184.442961,1184.754437,1184.742768,1184.743083,1184.754437,1184.754437,1184.754437,1189.804958,460,1,[5.050258600036614],[5.0502661999780685],par01,1,2025-11-13_21h18.47.046,intentional binding,,2025.1.1,60.31748713,2025-11-13 21h18.55.325985 +0530
0.4,1000,exp,340,1,[5.147471799980849],[5.147478500031866],12,3,147,4,1189.818695,,1189.805126,1189.818695,1190.818308,1190.818308,1190.818308,1192.384212,space,1.5521888,None,1192.384957,1192.784643,1193.097274,1193.081448,1193.082179,1193.097274,1193.097274,1193.097274,1198.24499,340,1,[5.147471799980849],[5.147478500031866],par01,1,2025-11-13_21h18.47.046,intentional binding,,2025.1.1,60.31748713,2025-11-13 21h18.55.325985 +0530
0.4,1000,exp,400,1,[4.848636700073257],[4.848644300014712],12,4,148,7,1198.259964,,1198.245157,1198.259964,1199.245284,1199.245284,1199.261179,1199.72791,space,0.4786307,None,1199.728418,1200.128405,1200.457068,1200.43076,1200.431166,1200.457068,1200.457068,1200.457068,1205.306057,400,1,[4.848636700073257],[4.848644300014712],par01,1,2025-11-13_21h18.47.046,intentional binding,,2025.1.1,60.31748713,2025-11-13 21h18.55.325985 +0530
0.7,1000,exp,750,1,[5.997719499981031],[5.997726000030525],12,5,149,8,1205.320175,,1205.306319,1205.320175,1206.321107,1206.321107,1206.321107,1207.637004,space,1.307007,None,1207.637604,1208.352768,1208.664498,1208.649234,1208.649877,1208.664498,1208.664498,1208.664498,1214.66245,750,1,[5.997719499981031],[5.997726000030525],par01,1,2025-11-13_21h18.47.046,intentional binding,,2025.1.1,60.31748713,2025-11-13 21h18.55.325985 +0530
0.1,400,unexp,380,1,[6.648225100012496],[6.648230799939483],12,6,150,0,1214.678012,,1214.662623,1214.678012,1215.660821,1215.660821,1215.678936,1216.67808,space,1.0160917,None,1216.678698,1216.794717,1217.105823,1217.091604,1217.092536,1217.105823,1217.105823,1217.105823,1223.754325,380,1,[6.648225100012496],[6.648230799939483],par01,1,2025-11-13_21h18.47.046,intentional binding,,2025.1.1,60.31748713,2025-11-13 21h18.55.325985 +0530
0.7,1000,exp,430,1,[14.771649700007401],[14.771656800061464],12,7,151,11,1223.769659,,1223.754491,1223.769659,1224.768233,1224.768233,1224.768233,1225.618935,space,0.8479295,None,1225.619528,1226.335046,1226.647093,1226.628785,1226.629663,1226.647093,1226.647093,1226.647093,1241.419019,430,1,[14.771649700007401],[14.771656800061464],par01,1,2025-11-13_21h18.47.046,intentional binding,,2025.1.1,60.31748713,2025-11-13 21h18.55.325985 +0530
0.1,1000,exp,530,1,[5.331514699966647],[5.331520700012334],12,8,152,6,1241.434647,,1241.4192,1241.434647,1242.419586,1242.419586,1242.435102,1243.88531,space,1.4591377,None,1243.886058,1244.002216,1244.313118,1244.298925,1244.299367,1244.313118,1244.313118,1244.313118,1249.644876,530,1,[5.331514699966647],[5.331520700012334],par01,1,2025-11-13_21h18.47.046,intentional binding,,2025.1.1,60.31748713,2025-11-13 21h18.55.325985 +0530
0.7,400,unexp,700,1,[5.281974899931811],[5.281981099979021],12,9,153,2,1249.660508,,1249.645045,1249.660508,1250.66078,1250.66078,1250.66078,1251.525528,space,0.8617824,None,1251.526063,1252.225427,1252.538114,1252.520989,1252.522275,1252.538114,1252.538114,1252.538114,1257.820337,700,1,[5.281974899931811],[5.281981099979021],par01,1,2025-11-13_21h18.47.046,intentional binding,,2025.1.1,60.31748713,2025-11-13 21h18.55.325985 +0530
0.1,1000,exp,250,1,[5.748900799895637],[5.748907099943608],12,10,154,3,1257.835241,,1257.820504,1257.835241,1258.834273,1258.834273,1258.834273,1259.802259,space,0.9661542,None,1259.803288,1259.90156,1260.213429,1260.203045,1260.203652,1260.213429,1260.213429,1260.213429,1265.962567,250,1,[5.748900799895637],[5.748907099943608],par01,1,2025-11-13_21h18.47.046,intentional binding,,2025.1.1,60.31748713,2025-11-13 21h18.55.325985 +0530
0.7,1000,exp,400,1,[7.679577499977313],[7.679586700047366],12,11,155,5,1265.977477,,1265.962733,1265.977477,1266.976981,1266.976981,1266.976981,1267.362568,space,0.3670319,None,1267.363189,1268.07711,1268.389571,1268.374928,1268.375305,1268.389571,1268.389571,1268.389571,1276.069572,400,1,[7.679577499977313],[7.679586700047366],par01,1,2025-11-13_21h18.47.046,intentional binding,,2025.1.1,60.31748713,2025-11-13 21h18.55.325985 +0530
0.1,400,unexp,380,1,[5.497745000058785],[5.497756700031459],13,0,156,0,1276.084091,,1276.069743,1276.084091,1277.083879,1277.083879,1277.083879,1277.73647,space,0.6503427,None,1277.737209,1277.850847,1278.163284,1278.151455,1278.151883,1278.163284,1278.163284,1278.163284,1283.661271,380,1,[5.497745000058785],[5.497756700031459],par01,1,2025-11-13_21h18.47.046,intentional binding,,2025.1.1,60.31748713,2025-11-13 21h18.55.325985 +0530
0.4,1000,exp,700,1,[4.249882100033574],[4.249890000093728],13,1,157,4,1283.67743,,1283.66144,1283.67743,1284.676034,1284.676034,1284.676034,1285.793646,space,1.1117133,None,1285.794523,1286.192741,1286.521172,1286.492872,1286.493262,1286.521172,1286.521172,1286.521172,1290.771415,700,1,[4.249882100033574],[4.249890000093728],par01,1,2025-11-13_21h18.47.046,intentional binding,,2025.1.1,60.31748713,2025-11-13 21h18.55.325985 +0530
0.1,1000,exp,200,1,[6.1155917000724],[6.115600800025277],13,2,158,6,1290.7877,,1290.771721,1290.7877,1291.769768,1291.769768,1291.803342,1293.753393,space,1.9826942,None,1293.753961,1293.86866,1294.180658,1294.167025,1294.167418,1294.180658,1294.180658,1294.180658,1300.296707,200,1,[6.1155917000724],[6.115600800025277],par01,1,2025-11-13_21h18.47.046,intentional binding,,2025.1.1,60.31748713,2025-11-13 21h18.55.325985 +0530
0.4,1000,exp,20,1,[2.833497899933718],[2.8335059999953955],13,3,159,7,1300.310224,,1300.296899,1300.310224,1301.310118,1301.310118,1301.310118,1301.977247,space,0.6598185,None,1301.978114,1302.377252,1302.689578,1302.67051,1302.67114,1302.689578,1302.689578,1302.689578,1305.523375,20,1,[2.833497899933718],[2.8335059999953955],par01,1,2025-11-13_21h18.47.046,intentional binding,,2025.1.1,60.31748713,2025-11-13 21h18.55.325985 +0530
0.1,1000,exp,40,1,[6.047026099986397],[6.047148499987088],13,4,160,9,1305.539335,,1305.523607,1305.539335,1306.522372,1306.522372,1306.539354,1311.868036,space,5.3373998,None,1311.86885,1311.967521,1312.282282,1312.267926,1312.268326,1312.282282,1312.282282,1312.282282,1318.329835,40,1,[6.047026099986397],[6.047148499987088],par01,1,2025-11-13_21h18.47.046,intentional binding,,2025.1.1,60.31748713,2025-11-13 21h18.55.325985 +0530
0.7,400,unexp,600,1,[4.016217099968344],[4.016223200014792],13,5,161,2,1318.34347,,1318.330096,1318.34347,1319.343599,1319.343599,1319.343599,1322.674093,space,3.3301126,None,1322.674747,1323.388905,1323.70158,1323.690443,1323.69086,1323.70158,1323.70158,1323.70158,1327.718028,600,1,[4.016217099968344],[4.016223200014792],par01,1,2025-11-13_21h18.47.046,intentional binding,,2025.1.1,60.31748713,2025-11-13 21h18.55.325985 +0530
0.1,1000,exp,490,1,[6.1638513000216335],[6.163858100073412],13,6,162,3,1327.732962,,1327.718196,1327.732962,1328.717588,1328.717588,1328.73316,1330.017064,space,1.2851811,None,1330.017762,1330.132881,1330.44536,1330.427266,1330.427939,1330.44536,1330.44536,1330.44536,1336.609451,490,1,[6.1638513000216335],[6.163858100073412],par01,1,2025-11-13_21h18.47.046,intentional binding,,2025.1.1,60.31748713,2025-11-13 21h18.55.325985 +0530
0.7,1000,exp,520,1,[12.158597099944018],[12.158603599993512],13,7,163,8,1336.62417,,1336.609633,1336.62417,1337.624621,1337.624621,1337.624621,1338.10842,space,0.4703447,None,1338.109008,1338.825442,1339.136555,1339.117436,1339.118147,1339.136555,1339.136555,1339.136555,1351.295463,520,1,[12.158597099944018],[12.158603599993512],par01,1,2025-11-13_21h18.47.046,intentional binding,,2025.1.1,60.31748713,2025-11-13 21h18.55.325985 +0530
0.7,1000,exp,800,1,[8.146318300045095],[8.146324699977413],13,8,164,5,1351.311074,,1351.29564,1351.311074,1352.293121,1352.293121,1352.327246,1353.393272,space,1.0981261,None,1353.393925,1354.092834,1354.40453,1354.391223,1354.391621,1354.40453,1354.40453,1354.40453,1362.551093,800,1,[8.146318300045095],[8.146324699977413],par01,1,2025-11-13_21h18.47.046,intentional binding,,2025.1.1,60.31748713,2025-11-13 21h18.55.325985 +0530
0.7,1000,exp,560,1,[9.126586399972439],[9.126592200016603],13,9,165,11,1362.566492,,1362.551262,1362.566492,1363.565591,1363.565591,1363.565591,1363.9504,space,0.3703556,None,1363.951074,1364.664456,1364.978146,1364.959202,1364.959979,1364.978146,1364.978146,1364.978146,1374.104967,560,1,[9.126586399972439],[9.126592200016603],par01,1,2025-11-13_21h18.47.046,intentional binding,,2025.1.1,60.31748713,2025-11-13 21h18.55.325985 +0530
0.4,1000,exp,470,1,[14.77172459999565],[14.771730299922638],13,10,166,10,1374.122148,,1374.105136,1374.122148,1375.104623,1375.104623,1375.123593,1376.13701,space,1.0303172,None,1376.137663,1376.537649,1376.866699,1376.839687,1376.84007,1376.866699,1376.866699,1376.866699,1391.638696,470,1,[14.77172459999565],[14.771730299922638],par01,1,2025-11-13_21h18.47.046,intentional binding,,2025.1.1,60.31748713,2025-11-13 21h18.55.325985 +0530
0.4,400,unexp,430,1,[5.0763318000826985],[5.076338700018823],13,11,167,1,1391.655296,,1391.638868,1391.655296,1392.637324,1392.637324,1392.671837,1393.504725,space,0.8644494,None,1393.505439,1393.90467,1394.220698,1394.204309,1394.204727,1394.220698,1394.220698,1394.220698,1399.297284,430,1,[5.0763318000826985],[5.076338700018823],par01,1,2025-11-13_21h18.47.046,intentional binding,,2025.1.1,60.31748713,2025-11-13 21h18.55.325985 +0530
0.4,1000,exp,300,1,[15.72139540000353],[15.72140230005607],14,0,168,7,1399.313691,,1399.297457,1399.313691,1400.296495,1400.296495,1400.314575,1400.463082,space,0.1579002,None,1400.463686,1400.863835,1401.17618,1401.162978,1401.163697,1401.17618,1401.17618,1401.17618,1416.897913,300,1,[15.72139540000353],[15.72140230005607],par01,1,2025-11-13_21h18.47.046,intentional binding,,2025.1.1,60.31748713,2025-11-13 21h18.55.325985 +0530
0.7,1000,exp,600,1,[34.283010999904945],[34.283017099951394],14,1,169,11,1416.912808,,1416.898097,1416.912808,1417.913221,1417.913221,1417.913221,1419.562551,space,1.6340172,None,1419.563161,1420.278287,1420.609498,1420.590643,1420.591075,1420.609498,1420.609498,1420.609498,1454.892745,600,1,[34.283010999904945],[34.283017099951394],par01,1,2025-11-13_21h18.47.046,intentional binding,,2025.1.1,60.31748713,2025-11-13 21h18.55.325985 +0530
0.4,1000,exp,300,1,[3.1511721999850124],[3.151178300031461],14,2,170,10,1454.909525,,1454.892911,1454.909525,1455.892109,1455.892109,1455.912811,1459.672985,space,3.7720034,None,1459.673642,1460.08923,1460.400551,1460.389612,1460.390024,1460.400551,1460.400551,1460.400551,1463.551969,300,1,[3.1511721999850124],[3.151178300031461],par01,1,2025-11-13_21h18.47.046,intentional binding,,2025.1.1,60.31748713,2025-11-13 21h18.55.325985 +0530
0.1,1000,exp,300,1,[3.199796700035222],[3.1998035999713466],14,3,171,3,1463.566518,,1463.552139,1463.566518,1464.567247,1464.567247,1464.567247,1465.066658,space,0.4945217,None,1465.067149,1465.167795,1465.496529,1465.471394,1465.471891,1465.496529,1465.496529,1465.496529,1468.696635,300,1,[3.199796700035222],[3.1998035999713466],par01,1,2025-11-13_21h18.47.046,intentional binding,,2025.1.1,60.31748713,2025-11-13 21h18.55.325985 +0530
0.1,400,unexp,800,1,[2.933106099953875],[2.9331124000018463],14,4,172,0,1468.712128,,1468.696805,1468.712128,1469.71241,1469.71241,1469.71241,1470.329842,space,0.6073828,None,1470.330491,1470.44641,1470.757617,1470.739348,1470.740105,1470.757617,1470.757617,1470.757617,1473.690993,800,1,[2.933106099953875],[2.9331124000018463],par01,1,2025-11-13_21h18.47.046,intentional binding,,2025.1.1,60.31748713,2025-11-13 21h18.55.325985 +0530
0.7,1000,exp,200,1,[1.9350403998978436],[1.9350471999496222],14,5,173,8,1473.70787,,1473.69117,1473.70787,1474.690557,1474.690557,1474.707638,1474.974354,space,0.2692056,None,1474.974953,1475.673462,1475.985765,1475.97116,1475.971835,1475.985765,1475.985765,1475.985765,1477.921106,200,1,[1.9350403998978436],[1.9350471999496222],par01,1,2025-11-13_21h18.47.046,intentional binding,,2025.1.1,60.31748713,2025-11-13 21h18.55.325985 +0530
0.1,1000,exp,700,1,[1.4193495999788865],[1.4193573000375181],14,6,174,6,1477.937147,,1477.921311,1477.937147,1478.919934,1478.919934,1478.93765,1479.220428,space,0.2925943,None,1479.221527,1479.320196,1479.63206,1479.617261,1479.617689,1479.63206,1479.63206,1479.63206,1481.051655,700,1,[1.4193495999788865],[1.4193573000375181],par01,1,2025-11-13_21h18.47.046,intentional binding,,2025.1.1,60.31748713,2025-11-13 21h18.55.325985 +0530
0.7,1000,exp,100,1,[1.3841759000206366],[1.3841848999727517],14,7,175,5,1481.066149,,1481.051851,1481.066149,1482.067831,1482.067831,1482.067831,1482.334303,space,0.25998,None,1482.335312,1483.033482,1483.345235,1483.329335,1483.329954,1483.345235,1483.345235,1483.345235,1484.729863,100,1,[1.3841759000206366],[1.3841848999727517],par01,1,2025-11-13_21h18.47.046,intentional binding,,2025.1.1,60.31748713,2025-11-13 21h18.55.325985 +0530
0.4,400,unexp,800,1,[3.4163133999099955],[3.4163204999640584],14,8,176,1,1484.746382,,1484.73004,1484.746382,1485.729991,1485.729991,1485.747033,1486.096507,space,0.3597161,None,1486.097099,1486.496817,1486.825093,1486.795539,1486.796347,1486.825093,1486.825093,1486.825093,1490.241664,800,1,[3.4163133999099955],[3.4163204999640584],par01,1,2025-11-13_21h18.47.046,intentional binding,,2025.1.1,60.31748713,2025-11-13 21h18.55.325985 +0530
0.1,1000,exp,780,1,[3.0129606999689713],[3.0129676000215113],14,9,177,9,1490.258448,,1490.241844,1490.258448,1491.258348,1491.258348,1491.273198,1491.706849,space,0.4343553,None,1491.707463,1491.808915,1492.139535,1492.120956,1492.121449,1492.139535,1492.139535,1492.139535,1495.152739,780,1,[3.0129606999689713],[3.0129676000215113],par01,1,2025-11-13_21h18.47.046,intentional binding,,2025.1.1,60.31748713,2025-11-13 21h18.55.325985 +0530
0.4,1000,exp,600,1,[1.8851500001037493],[1.885156000033021],14,10,178,4,1495.169749,,1495.152922,1495.169749,1496.152345,1496.152345,1496.170392,1496.686342,space,0.5271556,None,1496.687119,1497.086232,1497.414913,1497.388312,1497.388795,1497.414913,1497.414913,1497.414913,1499.300328,600,1,[1.8851500001037493],[1.885156000033021],par01,1,2025-11-13_21h18.47.046,intentional binding,,2025.1.1,60.31748713,2025-11-13 21h18.55.325985 +0530
0.7,400,unexp,700,1,[2.1871216000290588],[2.1871295999735594],14,11,179,2,1499.315275,,1499.300496,1499.315275,1500.315093,1500.315093,1500.315093,1500.748838,space,0.4314042,None,1500.749465,1501.448696,1501.760126,1501.749536,1501.749927,1501.760126,1501.760126,1501.760126,1503.947853,700,1,[2.1871216000290588],[2.1871295999735594],par01,1,2025-11-13_21h18.47.046,intentional binding,,2025.1.1,60.31748713,2025-11-13 21h18.55.325985 +0530
0.4,1000,exp,650,1,[1.6519036000827327],[1.6519119000295177],15,0,180,4,1503.960194,,1503.948135,1503.960194,1504.960364,1504.960364,1504.960364,1507.791663,space,2.8205683,None,1507.79229,1508.19134,1508.503825,1508.487154,1508.487914,1508.503825,1508.503825,1508.503825,1510.156029,650,1,[1.6519036000827327],[1.6519119000295177],par01,1,2025-11-13_21h18.47.046,intentional binding,,2025.1.1,60.31748713,2025-11-13 21h18.55.325985 +0530
0.4,400,unexp,600,1,[1.884592599933967],[1.8845987999811769],15,1,181,1,1510.171658,,1510.156198,1510.171658,1511.170986,1511.170986,1511.170986,1511.588766,space,0.4153626,None,1511.589238,1512.00505,1512.33363,1512.31085,1512.311304,1512.33363,1512.33363,1512.33363,1514.218591,600,1,[1.884592599933967],[1.8845987999811769],par01,1,2025-11-13_21h18.47.046,intentional binding,,2025.1.1,60.31748713,2025-11-13 21h18.55.325985 +0530
0.1,1000,exp,500,1,[1.8188082999549806],[1.8188143000006676],15,2,182,3,1514.234068,,1514.218758,1514.234068,1515.234016,1515.234016,1515.234016,1517.150117,space,1.9049391,None,1517.150765,1517.266011,1517.57826,1517.567054,1517.567519,1517.57826,1517.57826,1517.57826,1519.397307,500,1,[1.8188082999549806],[1.8188143000006676],par01,1,2025-11-13_21h18.47.046,intentional binding,,2025.1.1,60.31748713,2025-11-13 21h18.55.325985 +0530
0.1,1000,exp,200,1,[2.8844373000320047],[2.884446099982597],15,3,183,6,1519.411756,,1519.397473,1519.411756,1520.411881,1520.411881,1520.411881,1521.044385,space,0.6185628,None,1521.044944,1521.145489,1521.457767,1521.446218,1521.446645,1521.457767,1521.457767,1521.457767,1524.342523,200,1,[2.8844373000320047],[2.884446099982597],par01,1,2025-11-13_21h18.47.046,intentional binding,,2025.1.1,60.31748713,2025-11-13 21h18.55.325985 +0530
0.1,400,unexp,400,1,[2.134352899971418],[2.134359800023958],15,4,184,0,1524.356935,,1524.342777,1524.356935,1525.357269,1525.357269,1525.357269,1525.82334,space,0.4561125,None,1525.824079,1525.92476,1526.253539,1526.226588,1526.227052,1526.253539,1526.253539,1526.253539,1528.388164,400,1,[2.134352899971418],[2.134359800023958],par01,1,2025-11-13_21h18.47.046,intentional binding,,2025.1.1,60.31748713,2025-11-13 21h18.55.325985 +0530
0.7,1000,exp,300,1,[2.7996184000512585],[2.7996262999949977],15,5,185,11,1528.403692,,1528.388355,1528.403692,1529.386301,1529.386301,1529.40348,1529.986975,space,0.5888627,None,1529.987746,1530.686223,1531.015144,1530.9898,1530.990308,1531.015144,1531.015144,1531.015144,1533.815035,300,1,[2.7996184000512585],[2.7996262999949977],par01,1,2025-11-13_21h18.47.046,intentional binding,,2025.1.1,60.31748713,2025-11-13 21h18.55.325985 +0530
0.1,1000,exp,400,1,[2.33386320003774],[2.333868900081143],15,6,186,9,1533.832667,,1533.815204,1533.832667,1534.813552,1534.813552,1534.84705,1535.748051,space,0.9289453,None,1535.748717,1535.847385,1536.176884,1536.150796,1536.151279,1536.176884,1536.176884,1536.176884,1538.511094,400,1,[2.33386320003774],[2.333868900081143],par01,1,2025-11-13_21h18.47.046,intentional binding,,2025.1.1,60.31748713,2025-11-13 21h18.55.325985 +0530
0.4,1000,exp,400,1,[1.951945099979639],[1.9519549999386072],15,7,187,7,1538.527391,,1538.511263,1538.527391,1539.509937,1539.509937,1539.527945,1541.892986,space,2.3806294,None,1541.893941,1542.307203,1542.637059,1542.609524,1542.609981,1542.637059,1542.637059,1542.637059,1544.589354,400,1,[1.951945099979639],[1.9519549999386072],par01,1,2025-11-13_21h18.47.046,intentional binding,,2025.1.1,60.31748713,2025-11-13 21h18.55.325985 +0530
0.7,400,unexp,700,1,[1.9012827000115067],[1.901288399938494],15,8,188,2,1544.604892,,1544.589628,1544.604892,1545.603652,1545.603652,1545.603652,1547.654472,space,2.0349193,None,1547.655077,1548.369236,1548.697751,1548.672112,1548.67333,1548.697751,1548.697751,1548.697751,1550.59929,700,1,[1.9012827000115067],[1.901288399938494],par01,1,2025-11-13_21h18.47.046,intentional binding,,2025.1.1,60.31748713,2025-11-13 21h18.55.325985 +0530
0.7,1000,exp,500,1,[3.1321588000282645],[3.1321646000724286],15,9,189,5,1550.615347,,1550.599461,1550.615347,1551.59738,1551.59738,1551.632684,1553.614591,space,2.0141734,None,1553.615297,1554.330672,1554.642546,1554.627083,1554.6279,1554.642546,1554.642546,1554.642546,1557.774993,500,1,[3.1321588000282645],[3.1321646000724286],par01,1,2025-11-13_21h18.47.046,intentional binding,,2025.1.1,60.31748713,2025-11-13 21h18.55.325985 +0530
0.7,1000,exp,400,1,[1.4512638999149203],[1.4512698999606073],15,10,190,8,1557.792287,,1557.775158,1557.792287,1558.773546,1558.773546,1558.807582,1559.341705,space,0.5659318,None,1559.342382,1560.056874,1560.370487,1560.349414,1560.350207,1560.370487,1560.370487,1560.370487,1561.822055,400,1,[1.4512638999149203],[1.4512698999606073],par01,1,2025-11-13_21h18.47.046,intentional binding,,2025.1.1,60.31748713,2025-11-13 21h18.55.325985 +0530
0.4,1000,exp,400,1,[1.9180129000451416],[1.9180193000938743],15,11,191,10,1561.836632,,1561.822221,1561.836632,1562.836601,1562.836601,1562.836601,1563.835982,space,0.9937709,None,1563.836823,1564.237524,1564.565802,1564.540665,1564.541157,1564.565802,1564.565802,1564.565802,1566.48409,400,1,[1.9180129000451416],[1.9180193000938743],par01,1,2025-11-13_21h18.47.046,intentional binding,,2025.1.1,60.31748713,2025-11-13 21h18.55.325985 +0530
0.1,1000,exp,300,1,[2.1160924000432715],[2.116098999977112],16,0,192,9,1566.499642,,1566.484259,1566.499642,1567.499095,1567.499095,1567.499095,1568.050218,space,0.5490508,None,1568.050821,1568.14979,1568.461084,1568.449611,1568.450048,1568.461084,1568.461084,1568.461084,1570.577445,300,1,[2.1160924000432715],[2.116098999977112],par01,1,2025-11-13_21h18.47.046,intentional binding,,2025.1.1,60.31748713,2025-11-13 21h18.55.325985 +0530
0.4,1000,exp,400,1,[2.236570999957621],[2.23657850001473],16,1,193,7,1570.596196,,1570.577636,1570.596196,1571.578076,1571.578076,1571.612233,1572.527092,space,0.9409224,None,1572.528017,1572.926142,1573.239975,1573.229914,1573.230223,1573.239975,1573.239975,1573.239975,1575.476856,400,1,[2.236570999957621],[2.23657850001473],par01,1,2025-11-13_21h18.47.046,intentional binding,,2025.1.1,60.31748713,2025-11-13 21h18.55.325985 +0530
0.4,400,unexp,500,1,[3.4499280001036823],[3.4499344000359997],16,2,194,1,1575.491254,,1575.477069,1575.491254,1576.490444,1576.490444,1576.490444,1577.240828,space,0.7414871,None,1577.241466,1577.658028,1577.98584,1577.959124,1577.959681,1577.98584,1577.98584,1577.98584,1581.436099,500,1,[3.4499280001036823],[3.4499344000359997],par01,1,2025-11-13_21h18.47.046,intentional binding,,2025.1.1,60.31748713,2025-11-13 21h18.55.325985 +0530
0.1,1000,exp,200,1,[3.350307899992913],[3.3503136999206617],16,3,195,3,1581.45125,,1581.436276,1581.45125,1582.451345,1582.451345,1582.451345,1583.38354,space,0.9236425,None,1583.384108,1583.483873,1583.796491,1583.784392,1583.784856,1583.796491,1583.796491,1583.796491,1587.147042,200,1,[3.350307899992913],[3.3503136999206617],par01,1,2025-11-13_21h18.47.046,intentional binding,,2025.1.1,60.31748713,2025-11-13 21h18.55.325985 +0530
0.7,1000,exp,600,1,[1.8335828999988735],[1.8335891999304295],16,4,196,11,1587.162031,,1587.14721,1587.162031,1588.16195,1588.16195,1588.16195,1588.995284,space,0.8198665,None,1588.996148,1589.695586,1590.023848,1589.998734,1589.999467,1590.023848,1590.023848,1590.023848,1591.857673,600,1,[1.8335828999988735],[1.8335891999304295],par01,1,2025-11-13_21h18.47.046,intentional binding,,2025.1.1,60.31748713,2025-11-13 21h18.55.325985 +0530
0.1,1000,exp,600,1,[2.0511176999425516],[2.051124899997376],16,5,197,6,1591.87484,,1591.857857,1591.87484,1592.858214,1592.858214,1592.874127,1593.276059,space,0.4101347,None,1593.276983,1593.391393,1593.703471,1593.68786,1593.688813,1593.703471,1593.703471,1593.703471,1595.754862,600,1,[2.0511176999425516],[2.051124899997376],par01,1,2025-11-13_21h18.47.046,intentional binding,,2025.1.1,60.31748713,2025-11-13 21h18.55.325985 +0530
0.4,1000,exp,300,1,[1.8849636999657378],[1.8849706000182778],16,6,198,10,1595.770676,,1595.755033,1595.770676,1596.769583,1596.769583,1596.769583,1597.937095,space,1.1611046,None,1597.937909,1598.336958,1598.665583,1598.639674,1598.640227,1598.665583,1598.665583,1598.665583,1600.550828,300,1,[1.8849636999657378],[1.8849706000182778],par01,1,2025-11-13_21h18.47.046,intentional binding,,2025.1.1,60.31748713,2025-11-13 21h18.55.325985 +0530
0.7,400,unexp,200,1,[2.783902599941939],[2.7839093999937177],16,7,199,2,1600.566055,,1600.551039,1600.566055,1601.56514,1601.56514,1601.56514,1601.949427,space,0.3727713,None,1601.949984,1602.648472,1602.96103,1602.950345,1602.950691,1602.96103,1602.96103,1602.96103,1605.745161,200,1,[2.783902599941939],[2.7839093999937177],par01,1,2025-11-13_21h18.47.046,intentional binding,,2025.1.1,60.31748713,2025-11-13 21h18.55.325985 +0530
0.7,1000,exp,400,1,[2.4005812999093905],[2.4005872999550775],16,8,200,5,1605.760527,,1605.745448,1605.760527,1606.745027,1606.745027,1606.761948,1607.712146,space,0.9605014,None,1607.712957,1608.427185,1608.75583,1608.72901,1608.729437,1608.75583,1608.75583,1608.75583,1611.156677,400,1,[2.4005812999093905],[2.4005872999550775],par01,1,2025-11-13_21h18.47.046,intentional binding,,2025.1.1,60.31748713,2025-11-13 21h18.55.325985 +0530
0.7,1000,exp,700,1,[2.0531874999869615],[2.053195899934508],16,9,201,8,1611.172091,,1611.156844,1611.172091,1612.156446,1612.156446,1612.174576,1613.32128,space,1.1515989,None,1613.321792,1614.021239,1614.333001,1614.320427,1614.320801,1614.333001,1614.333001,1614.333001,1616.386485,700,1,[2.0531874999869615],[2.053195899934508],par01,1,2025-11-13_21h18.47.046,intentional binding,,2025.1.1,60.31748713,2025-11-13 21h18.55.325985 +0530
0.1,400,unexp,500,1,[2.533578300033696],[2.533585499972105],16,10,202,0,1616.400791,,1616.386719,1616.400791,1617.40004,1617.40004,1617.40004,1617.850747,space,0.4403631,None,1617.851288,1617.968147,1618.279471,1618.268366,1618.268723,1618.279471,1618.279471,1618.279471,1620.813335,500,1,[2.533578300033696],[2.533585499972105],par01,1,2025-11-13_21h18.47.046,intentional binding,,2025.1.1,60.31748713,2025-11-13 21h18.55.325985 +0530
0.4,1000,exp,800,1,[1.8014558999566361],[1.8014617000008002],16,11,203,4,1620.829906,,1620.813504,1620.829906,1621.811642,1621.811642,1621.845282,1622.396436,space,0.5707057,None,1622.397055,1622.813129,1623.125049,1623.105978,1623.106736,1623.125049,1623.125049,1623.125049,1624.926743,800,1,[1.8014558999566361],[1.8014617000008002],par01,1,2025-11-13_21h18.47.046,intentional binding,,2025.1.1,60.31748713,2025-11-13 21h18.55.325985 +0530
0.4,1000,exp,600,1,[1.999947499949485],[1.9999533999944106],17,0,204,7,1624.942055,,1624.926911,1624.942055,1625.928228,1625.928228,1625.943175,1626.407631,space,0.4707084,None,1626.408232,1626.809304,1627.121605,1627.107651,1627.108138,1627.121605,1627.121605,1627.121605,1629.121814,600,1,[1.999947499949485],[1.9999533999944106],par01,1,2025-11-13_21h18.47.046,intentional binding,,2025.1.1,60.31748713,2025-11-13 21h18.55.325985 +0530
0.7,400,unexp,500,1,[2.2181100000161678],[2.218117800075561],17,1,205,2,1629.138722,,1629.122028,1629.138722,1630.121113,1630.121113,1630.140328,1633.070746,space,2.9415211,None,1633.071695,1633.784823,1634.097485,1634.083858,1634.084298,1634.097485,1634.097485,1634.097485,1636.315832,500,1,[2.2181100000161678],[2.218117800075561],par01,1,2025-11-13_21h18.47.046,intentional binding,,2025.1.1,60.31748713,2025-11-13 21h18.55.325985 +0530
0.4,400,unexp,600,1,[2.6842771000228822],[2.684283999959007],17,2,206,1,1636.330524,,1636.316005,1636.330524,1637.331187,1637.331187,1637.331187,1638.662624,space,1.3189599,None,1638.66328,1639.062543,1639.375658,1639.360234,1639.360844,1639.375658,1639.375658,1639.375658,1642.060225,600,1,[2.6842771000228822],[2.684283999959007],par01,1,2025-11-13_21h18.47.046,intentional binding,,2025.1.1,60.31748713,2025-11-13 21h18.55.325985 +0530
0.4,1000,exp,400,1,[1.4515530000207946],[1.4515599000733346],17,3,207,10,1642.07572,,1642.0604,1642.07572,1643.074886,1643.074886,1643.074886,1670.100239,space,27.0114345,None,1670.100934,1670.500284,1670.828263,1670.803892,1670.80423,1670.828263,1670.828263,1670.828263,1672.280055,400,1,[1.4515530000207946],[1.4515599000733346],par01,1,2025-11-13_21h18.47.046,intentional binding,,2025.1.1,60.31748713,2025-11-13 21h18.55.325985 +0530
0.7,1000,exp,300,1,[1.6350709000835195],[1.6350772000150755],17,4,208,5,1672.294971,,1672.280226,1672.294971,1673.294893,1673.294893,1673.294893,1673.380782,space,0.0828665,None,1673.381412,1674.095854,1674.407339,1674.391676,1674.392452,1674.407339,1674.407339,1674.407339,1676.042652,300,1,[1.6350709000835195],[1.6350772000150755],par01,1,2025-11-13_21h18.47.046,intentional binding,,2025.1.1,60.31748713,2025-11-13 21h18.55.325985 +0530
0.7,1000,exp,200,1,[1.7192746999207884],[1.719281499972567],17,5,209,11,1676.059982,,1676.042821,1676.059982,1677.042014,1677.042014,1677.074585,1677.942233,space,0.8925887,None,1677.943112,1678.656612,1678.969475,1678.958292,1678.958714,1678.969475,1678.969475,1678.969475,1680.689006,200,1,[1.7192746999207884],[1.719281499972567],par01,1,2025-11-13_21h18.47.046,intentional binding,,2025.1.1,60.31748713,2025-11-13 21h18.55.325985 +0530
0.7,1000,exp,500,1,[2.136037699994631],[2.136056900024414],17,6,210,8,1680.703358,,1680.689175,1680.703358,1681.703926,1681.703926,1681.703926,1681.990481,space,0.2771064,None,1681.991385,1682.70398,1683.032625,1683.006396,1683.006924,1683.032625,1683.032625,1683.032625,1685.169076,500,1,[2.136037699994631],[2.136056900024414],par01,1,2025-11-13_21h18.47.046,intentional binding,,2025.1.1,60.31748713,2025-11-13 21h18.55.325985 +0530
0.1,400,unexp,700,1,[1.618097799946554],[1.6181042999960482],17,7,211,0,1685.18313,,1685.16925,1685.18313,1686.183433,1686.183433,1686.183433,1686.965831,space,0.7696236,None,1686.966481,1687.066833,1687.395616,1687.367057,1687.367517,1687.395616,1687.395616,1687.395616,1689.013997,700,1,[1.618097799946554],[1.6181042999960482],par01,1,2025-11-13_21h18.47.046,intentional binding,,2025.1.1,60.31748713,2025-11-13 21h18.55.325985 +0530
0.4,1000,exp,600,1,[1.3682955000549555],[1.3683029999956489],17,8,212,4,1689.028613,,1689.014166,1689.028613,1690.029694,1690.029694,1690.029694,1690.49582,space,0.4589048,None,1690.49666,1690.89603,1691.20784,1691.198518,1691.198842,1691.20784,1691.20784,1691.20784,1692.576379,600,1,[1.3682955000549555],[1.3683029999956489],par01,1,2025-11-13_21h18.47.046,intentional binding,,2025.1.1,60.31748713,2025-11-13 21h18.55.325985 +0530
0.1,1000,exp,600,1,[1.8850629000226036],[1.8850695000728592],17,9,213,9,1692.593343,,1692.576553,1692.593343,1693.574995,1693.574995,1693.608675,1694.041642,space,0.4552896,None,1694.042246,1694.143646,1694.471745,1694.450155,1694.450621,1694.471745,1694.471745,1694.471745,1696.357056,600,1,[1.8850629000226036],[1.8850695000728592],par01,1,2025-11-13_21h18.47.046,intentional binding,,2025.1.1,60.31748713,2025-11-13 21h18.55.325985 +0530
0.1,1000,exp,700,1,[1.0533646000549197],[1.0533705999841914],17,10,214,3,1696.371664,,1696.357249,1696.371664,1697.371157,1697.371157,1697.371157,1698.238415,space,0.860394,None,1698.23973,1698.339748,1698.650339,1698.636666,1698.63708,1698.650339,1698.650339,1698.650339,1699.703956,700,1,[1.0533646000549197],[1.0533705999841914],par01,1,2025-11-13_21h18.47.046,intentional binding,,2025.1.1,60.31748713,2025-11-13 21h18.55.325985 +0530
0.1,1000,exp,700,1,[1.1344079000409693],[1.1344146999763325],17,11,215,6,1699.718625,,1699.70413,1699.718625,1700.717473,1700.717473,1700.717473,1702.467487,space,1.7419478,None,1702.468093,1702.568256,1702.898989,1702.879677,1702.880097,1702.898989,1702.898989,1702.898989,1704.033672,700,1,[1.1344079000409693],[1.1344146999763325],par01,1,2025-11-13_21h18.47.046,intentional binding,,2025.1.1,60.31748713,2025-11-13 21h18.55.325985 +0530
0.1,400,unexp,700,1,[9.312257299898192],[9.312263799947686],18,0,216,0,1704.046944,,1704.033839,1704.046944,1705.047866,1705.047866,1705.047866,1705.532116,space,0.4819081,None,1705.532767,1705.648084,1705.959709,1705.947596,1705.947986,1705.959709,1705.959709,1705.959709,1715.272218,700,1,[9.312257299898192],[9.312263799947686],par01,1,2025-11-13_21h18.47.046,intentional binding,,2025.1.1,60.31748713,2025-11-13 21h18.55.325985 +0530
0.7,1000,exp,500,1,[1.1528914000373334],[1.1529000999871641],18,1,217,11,1715.28565,,1715.272389,1715.28565,1716.286438,1716.286438,1716.286438,1717.719244,space,1.4324561,None,1717.719868,1718.419716,1718.73051,1718.72007,1718.720428,1718.73051,1718.73051,1718.73051,1719.883717,500,1,[1.1528914000373334],[1.1529000999871641],par01,1,2025-11-13_21h18.47.046,intentional binding,,2025.1.1,60.31748713,2025-11-13 21h18.55.325985 +0530
0.7,1000,exp,600,1,[1.453170399996452],[1.4531769999302924],18,2,218,8,1719.898816,,1719.883939,1719.898816,1720.898479,1720.898479,1720.898479,1722.316332,space,1.4119397,None,1722.317043,1723.029736,1723.343,1723.328546,1723.32893,1723.343,1723.343,1723.343,1724.796431,600,1,[1.453170399996452],[1.4531769999302924],par01,1,2025-11-13_21h18.47.046,intentional binding,,2025.1.1,60.31748713,2025-11-13 21h18.55.325985 +0530
0.4,400,unexp,600,1,[1.5681257999967784],[1.568131500040181],18,3,219,1,1724.811227,,1724.796645,1724.811227,1725.809655,1725.809655,1725.809655,1726.976177,space,1.1638849,None,1726.976775,1727.377124,1727.688973,1727.676384,1727.676877,1727.688973,1727.688973,1727.688973,1729.257341,600,1,[1.5681257999967784],[1.568131500040181],par01,1,2025-11-13_21h18.47.046,intentional binding,,2025.1.1,60.31748713,2025-11-13 21h18.55.325985 +0530
0.1,1000,exp,500,1,[1.5846249000169337],[1.5846309999469668],18,4,220,3,1729.273543,,1729.257505,1729.273543,1730.256506,1730.256506,1730.273536,1730.840775,space,0.5775764,None,1730.841517,1730.957349,1731.268942,1731.25014,1731.250724,1731.268942,1731.268942,1731.268942,1732.853814,500,1,[1.5846249000169337],[1.5846309999469668],par01,1,2025-11-13_21h18.47.046,intentional binding,,2025.1.1,60.31748713,2025-11-13 21h18.55.325985 +0530
0.4,1000,exp,700,1,[0.9856703999685124],[0.9856775999069214],18,5,221,4,1732.871032,,1732.853982,1732.871032,1733.852905,1733.852905,1733.885813,1734.385664,space,0.5274439,None,1734.386306,1734.785873,1735.114894,1735.088555,1735.088982,1735.114894,1735.114894,1735.114894,1736.100828,700,1,[0.9856703999685124],[0.9856775999069214],par01,1,2025-11-13_21h18.47.046,intentional binding,,2025.1.1,60.31748713,2025-11-13 21h18.55.325985 +0530
0.4,1000,exp,700,1,[1.1197821999667212],[1.119788800016977],18,6,222,7,1736.115344,,1736.100999,1736.115344,1737.116228,1737.116228,1737.116228,1739.431223,space,2.3062993,None,1739.431724,1739.84714,1740.176449,1740.149761,1740.150245,1740.176449,1740.176449,1740.176449,1741.296497,700,1,[1.1197821999667212],[1.119788800016977],par01,1,2025-11-13_21h18.47.046,intentional binding,,2025.1.1,60.31748713,2025-11-13 21h18.55.325985 +0530
0.4,1000,exp,800,1,[2.5008922000415623],[2.5008980999700725],18,7,223,10,1741.310782,,1741.296751,1741.310782,1742.311328,1742.311328,1742.311328,1742.795318,space,0.4829201,None,1742.795961,1743.210861,1743.523231,1743.510482,1743.51091,1743.523231,1743.523231,1743.523231,1746.02437,800,1,[2.5008922000415623],[2.5008980999700725],par01,1,2025-11-13_21h18.47.046,intentional binding,,2025.1.1,60.31748713,2025-11-13 21h18.55.325985 +0530
0.1,1000,exp,700,1,[1.9202081999974325],[1.920214300043881],18,8,224,6,1746.040951,,1746.024537,1746.040951,1747.022527,1747.022527,1747.056305,1747.589432,space,0.5534935,None,1747.590055,1747.690413,1748.001608,1747.990274,1747.990639,1748.001608,1748.001608,1748.001608,1749.922054,700,1,[1.9202081999974325],[1.920214300043881],par01,1,2025-11-13_21h18.47.046,intentional binding,,2025.1.1,60.31748713,2025-11-13 21h18.55.325985 +0530
0.7,400,unexp,650,1,[2.401675699977204],[2.4016845000442117],18,9,225,2,1749.936059,,1749.922232,1749.936059,1750.935615,1750.935615,1750.935615,1752.435146,space,1.4876691,None,1752.435871,1753.150192,1753.463465,1753.450095,1753.450542,1753.463465,1753.463465,1753.463465,1755.865403,650,1,[2.401675699977204],[2.4016845000442117],par01,1,2025-11-13_21h18.47.046,intentional binding,,2025.1.1,60.31748713,2025-11-13 21h18.55.325985 +0530
0.1,1000,exp,600,1,[2.666747899958864],[2.6667549000121653],18,10,226,9,1755.881352,,1755.865571,1755.881352,1756.862792,1756.862792,1756.896558,1758.313391,space,1.4373892,None,1758.31404,1758.429958,1758.741494,1758.72873,1758.729112,1758.741494,1758.741494,1758.741494,1761.408481,600,1,[2.666747899958864],[2.6667549000121653],par01,1,2025-11-13_21h18.47.046,intentional binding,,2025.1.1,60.31748713,2025-11-13 21h18.55.325985 +0530
0.7,1000,exp,700,1,[2.45297089999076],[2.452976999920793],18,11,227,5,1761.425185,,1761.408673,1761.425185,1762.407239,1762.407239,1762.439747,1763.658511,space,1.2350782,None,1763.659158,1764.374028,1764.685859,1764.669474,1764.670137,1764.685859,1764.685859,1764.685859,1767.139087,700,1,[2.45297089999076],[2.452976999920793],par01,1,2025-11-13_21h18.47.046,intentional binding,,2025.1.1,60.31748713,2025-11-13 21h18.55.325985 +0530
0.4,1000,exp,400,1,[2.0328512999694794],[2.032857400015928],19,0,228,10,1767.152095,,1767.139258,1767.152095,1768.152475,1768.152475,1768.152475,1768.651973,space,0.4913684,None,1768.652558,1769.052384,1769.365522,1769.351407,1769.351812,1769.365522,1769.365522,1769.365522,1771.398666,400,1,[2.0328512999694794],[2.032857400015928],par01,1,2025-11-13_21h18.47.046,intentional binding,,2025.1.1,60.31748713,2025-11-13 21h18.55.325985 +0530
0.4,1000,exp,800,1,[2.452060400042683],[2.452066699974239],19,1,229,7,1771.415895,,1771.398833,1771.415895,1772.398037,1772.398037,1772.432249,1772.998446,space,0.5974778,None,1772.999115,1773.397934,1773.709715,1773.697358,1773.697748,1773.709715,1773.709715,1773.709715,1776.162064,800,1,[2.452060400042683],[2.452066699974239],par01,1,2025-11-13_21h18.47.046,intentional binding,,2025.1.1,60.31748713,2025-11-13 21h18.55.325985 +0530
0.1,1000,exp,500,1,[3.683467200025916],[3.6834731999551877],19,2,230,3,1776.176741,,1776.16224,1776.176741,1777.176369,1777.176369,1777.176369,1777.809906,space,0.6302236,None,1777.810475,1777.910736,1778.222167,1778.20732,1778.207819,1778.222167,1778.222167,1778.222167,1781.905885,500,1,[3.683467200025916],[3.6834731999551877],par01,1,2025-11-13_21h18.47.046,intentional binding,,2025.1.1,60.31748713,2025-11-13 21h18.55.325985 +0530
0.7,1000,exp,700,1,[2.5640880999853835],[2.5640957999275997],19,3,231,8,1781.921679,,1781.906054,1781.921679,1782.921701,1782.921701,1782.921701,1783.806362,space,0.881591,None,1783.807076,1784.522068,1784.836114,1784.820368,1784.820636,1784.836114,1784.836114,1784.836114,1787.400443,700,1,[2.5640880999853835],[2.5640957999275997],par01,1,2025-11-13_21h18.47.046,intentional binding,,2025.1.1,60.31748713,2025-11-13 21h18.55.325985 +0530
0.4,400,unexp,800,1,[2.818325800006278],[2.818334700074047],19,4,232,1,1787.415477,,1787.400642,1787.415477,1788.415894,1788.415894,1788.415894,1789.00058,space,0.5795888,None,1789.001187,1789.415636,1789.727331,1789.715527,1789.715893,1789.727331,1789.727331,1789.727331,1792.546001,800,1,[2.818325800006278],[2.818334700074047],par01,1,2025-11-13_21h18.47.046,intentional binding,,2025.1.1,60.31748713,2025-11-13 21h18.55.325985 +0530
0.1,400,unexp,890,1,[2.700799099984579],[2.7008053000317886],19,5,233,0,1792.561362,,1792.546244,1792.561362,1793.560244,1793.560244,1793.560244,1794.31194,space,0.7459234,None,1794.312693,1794.427578,1794.75623,1794.730778,1794.731214,1794.75623,1794.75623,1794.75623,1797.457326,890,1,[2.700799099984579],[2.7008053000317886],par01,1,2025-11-13_21h18.47.046,intentional binding,,2025.1.1,60.31748713,2025-11-13 21h18.55.325985 +0530
0.7,1000,exp,100,1,[2.4183554999763146],[2.418362000025809],19,6,234,11,1797.472368,,1797.457492,1797.472368,1798.472805,1798.472805,1798.472805,1798.873276,space,0.3948954,None,1798.874246,1799.589065,1799.900798,1799.889626,1799.889996,1799.900798,1799.900798,1799.900798,1802.31939,100,1,[2.4183554999763146],[2.418362000025809],par01,1,2025-11-13_21h18.47.046,intentional binding,,2025.1.1,60.31748713,2025-11-13 21h18.55.325985 +0530
0.1,1000,exp,300,1,[3.251622600015253],[3.251631100079976],19,7,235,6,1802.334243,,1802.319604,1802.334243,1803.33467,1803.33467,1803.33467,1810.545942,space,7.1963692,None,1810.54655,1810.660651,1810.973335,1810.958873,1810.95961,1810.973335,1810.973335,1810.973335,1814.225225,300,1,[3.251622600015253],[3.251631100079976],par01,1,2025-11-13_21h18.47.046,intentional binding,,2025.1.1,60.31748713,2025-11-13 21h18.55.325985 +0530
0.7,400,unexp,500,1,[4.464657599921338],[4.464663999970071],19,8,236,2,1814.240935,,1814.225396,1814.240935,1815.240494,1815.240494,1815.240494,1816.038571,space,0.7908276,None,1816.039153,1816.73973,1817.051228,1817.036229,1817.03823,1817.051228,1817.051228,1817.051228,1821.516157,500,1,[4.464657599921338],[4.464663999970071],par01,1,2025-11-13_21h18.47.046,intentional binding,,2025.1.1,60.31748713,2025-11-13 21h18.55.325985 +0530
0.4,1000,exp,400,1,[9.676895599928685],[9.676903399988078],19,9,237,4,1821.533054,,1821.516365,1821.533054,1822.514802,1822.514802,1822.54819,1823.233344,space,0.70754,None,1823.234268,1823.64987,1823.96126,1823.947689,1823.94818,1823.96126,1823.96126,1823.96126,1833.638552,400,1,[9.676895599928685],[9.676903399988078],par01,1,2025-11-13_21h18.47.046,intentional binding,,2025.1.1,60.31748713,2025-11-13 21h18.55.325985 +0530
0.7,1000,exp,600,1,[6.214347600005567],[6.214354200055823],19,10,238,5,1833.653095,,1833.63872,1833.653095,1834.637597,1834.637597,1834.65348,1835.203662,space,0.5560303,None,1835.204266,1835.919641,1836.23221,1836.219611,1836.220101,1836.23221,1836.23221,1836.23221,1842.446783,600,1,[6.214347600005567],[6.214354200055823],par01,1,2025-11-13_21h18.47.046,intentional binding,,2025.1.1,60.31748713,2025-11-13 21h18.55.325985 +0530
0.1,1000,exp,350,1,[10.643354499945417],[10.643360399990343],19,11,239,9,1842.46158,,1842.446956,1842.46158,1843.461857,1843.461857,1843.461857,1844.812581,space,1.3482028,None,1844.813497,1844.927363,1845.239643,1845.228156,1845.228706,1845.239643,1845.239643,1845.239643,1855.883238,350,1,[10.643354499945417],[10.643360399990343],par01,1,2025-11-13_21h18.47.046,intentional binding,,2025.1.1,60.31748713,2025-11-13 21h18.55.325985 +0530
0.7,400,unexp,690,1,[4.279260899988003],[4.27926690003369],20,0,240,2,1855.899714,,1855.883405,1855.899714,1856.881211,1856.881211,1856.915245,1858.046943,space,1.1523861,None,1858.047423,1858.749272,1859.0796,1859.060033,1859.060475,1859.0796,1859.0796,1859.0796,1863.359104,690,1,[4.279260899988003],[4.27926690003369],par01,1,2025-11-13_21h18.47.046,intentional binding,,2025.1.1,60.31748713,2025-11-13 21h18.55.325985 +0530
0.7,1000,exp,680,1,[4.6648089999798685],[4.664814799907617],20,1,241,5,1863.375176,,1863.359274,1863.375176,1864.357361,1864.357361,1864.391275,1866.656895,space,2.2924833,None,1866.657763,1867.356592,1867.685238,1867.65843,1867.658852,1867.685238,1867.685238,1867.685238,1872.350327,680,1,[4.6648089999798685],[4.664814799907617],par01,1,2025-11-13_21h18.47.046,intentional binding,,2025.1.1,60.31748713,2025-11-13 21h18.55.325985 +0530
0.4,1000,exp,450,1,[4.582819200004451],[4.582825600053184],20,2,242,7,1872.366087,,1872.350503,1872.366087,1873.365359,1873.365359,1873.381116,1875.563591,space,2.1947504,None,1875.56462,1875.962712,1876.276258,1876.259196,1876.260489,1876.276258,1876.276258,1876.276258,1880.859333,450,1,[4.582819200004451],[4.582825600053184],par01,1,2025-11-13_21h18.47.046,intentional binding,,2025.1.1,60.31748713,2025-11-13 21h18.55.325985 +0530
0.7,1000,exp,600,1,[2.980416600010358],[2.9804234000621364],20,3,243,11,1880.874083,,1880.8595,1880.874083,1881.874686,1881.874686,1881.874686,1884.005015,space,2.115879,None,1884.005601,1884.706179,1885.036545,1885.019149,1885.019735,1885.036545,1885.036545,1885.036545,1888.017193,600,1,[2.980416600010358],[2.9804234000621364],par01,1,2025-11-13_21h18.47.046,intentional binding,,2025.1.1,60.31748713,2025-11-13 21h18.55.325985 +0530
0.4,1000,exp,470,1,[4.516514500021003],[4.516521100071259],20,4,244,4,1888.033921,,1888.017376,1888.033921,1889.017117,1889.017117,1889.035371,1891.448563,space,2.4202261,None,1891.449168,1891.849067,1892.160361,1892.148508,1892.148922,1892.160361,1892.160361,1892.160361,1896.67713,470,1,[4.516514500021003],[4.516521100071259],par01,1,2025-11-13_21h18.47.046,intentional binding,,2025.1.1,60.31748713,2025-11-13 21h18.55.325985 +0530
0.1,1000,exp,300,1,[4.1972116000251845],[4.197218599962071],20,5,245,9,1896.691441,,1896.677301,1896.691441,1897.693338,1897.693338,1897.693338,1899.191595,space,1.4944168,None,1899.192328,1899.291934,1899.60616,1899.591354,1899.591751,1899.60616,1899.60616,1899.60616,1903.803636,300,1,[4.1972116000251845],[4.197218599962071],par01,1,2025-11-13_21h18.47.046,intentional binding,,2025.1.1,60.31748713,2025-11-13 21h18.55.325985 +0530
0.1,1000,exp,450,1,[4.096548300003633],[4.0965540000470355],20,6,246,3,1903.818131,,1903.803813,1903.818131,1904.818632,1904.818632,1904.818632,1905.334764,space,0.5041196,None,1905.335267,1905.43467,1905.749605,1905.733961,1905.734332,1905.749605,1905.749605,1905.749605,1909.846394,450,1,[4.096548300003633],[4.0965540000470355],par01,1,2025-11-13_21h18.47.046,intentional binding,,2025.1.1,60.31748713,2025-11-13 21h18.55.325985 +0530
0.4,1000,exp,600,1,[4.365608599968255],[4.36561520001851],20,7,247,10,1909.862926,,1909.846563,1909.862926,1910.84588,1910.84588,1910.864017,1912.278501,space,1.4176779,None,1912.279164,1912.678846,1912.989732,1912.978434,1912.978836,1912.989732,1912.989732,1912.989732,1917.355576,600,1,[4.365608599968255],[4.36561520001851],par01,1,2025-11-13_21h18.47.046,intentional binding,,2025.1.1,60.31748713,2025-11-13 21h18.55.325985 +0530
0.1,1000,exp,700,1,[5.416364899952896],[5.41637140000239],20,8,248,6,1917.372364,,1917.355761,1917.372364,1918.354764,1918.354764,1918.372475,1919.338941,space,0.9703244,None,1919.33957,1919.454546,1919.766737,1919.756073,1919.756472,1919.766737,1919.766737,1919.766737,1925.183374,700,1,[5.416364899952896],[5.41637140000239],par01,1,2025-11-13_21h18.47.046,intentional binding,,2025.1.1,60.31748713,2025-11-13 21h18.55.325985 +0530
0.4,400,unexp,800,1,[4.728994100005366],[4.729002499952912],20,9,249,1,1925.197666,,1925.183603,1925.197666,1926.197083,1926.197083,1926.197083,1927.081526,space,0.882525,None,1927.082195,1927.498186,1927.82829,1927.809046,1927.809404,1927.82829,1927.82829,1927.82829,1932.557592,800,1,[4.728994100005366],[4.729002499952912],par01,1,2025-11-13_21h18.47.046,intentional binding,,2025.1.1,60.31748713,2025-11-13 21h18.55.325985 +0530
0.1,400,unexp,750,1,[5.514962499961257],[5.514969800016843],20,10,250,0,1932.573729,,1932.557827,1932.573729,1933.556289,1933.556289,1933.575024,1935.355531,space,1.7890189,None,1935.356155,1935.456455,1935.784834,1935.756872,1935.757383,1935.784834,1935.784834,1935.784834,1941.3001,750,1,[5.514962499961257],[5.514969800016843],par01,1,2025-11-13_21h18.47.046,intentional binding,,2025.1.1,60.31748713,2025-11-13 21h18.55.325985 +0530
0.7,1000,exp,459,1,[5.764528299914673],[5.7645350999664515],20,11,251,8,1941.315,,1941.30028,1941.315,1942.315081,1942.315081,1942.315081,1947.029578,space,4.7116365,None,1947.03036,1947.743585,1948.055816,1948.03953,1948.040392,1948.055816,1948.055816,1948.055816,1953.820623,459,1,[5.764528299914673],[5.7645350999664515],par01,1,2025-11-13_21h18.47.046,intentional binding,,2025.1.1,60.31748713,2025-11-13 21h18.55.325985 +0530
0.7,1000,exp,540,1,[8.460787900025025],[8.460793599952012],21,0,252,5,1953.836501,,1953.820792,1953.836501,1954.818291,1954.818291,1954.85186,1956.003428,space,1.1743938,None,1956.004267,1956.718719,1957.030338,1957.015355,1957.015856,1957.030338,1957.030338,1957.030338,1965.491379,540,1,[8.460787900025025],[8.460793599952012],par01,1,2025-11-13_21h18.47.046,intentional binding,,2025.1.1,60.31748713,2025-11-13 21h18.55.325985 +0530
0.1,400,unexp,340,1,[5.847929300041869],[5.847935300087556],21,1,253,0,1965.50917,,1965.491546,1965.50917,1966.491263,1966.491263,1966.523936,1969.487756,space,2.9936972,None,1969.488272,1969.58981,1969.900889,1969.888526,1969.888844,1969.900889,1969.900889,1969.900889,1975.749046,340,1,[5.847929300041869],[5.847935300087556],par01,1,2025-11-13_21h18.47.046,intentional binding,,2025.1.1,60.31748713,2025-11-13 21h18.55.325985 +0530
0.1,1000,exp,780,1,[5.131840000045486],[5.13184619997628],21,2,254,6,1975.765745,,1975.749213,1975.765745,1976.747396,1976.747396,1976.781103,1978.248419,space,1.4876855,None,1978.249015,1978.3478,1978.675079,1978.649316,1978.649692,1978.675079,1978.675079,1978.675079,1983.807167,780,1,[5.131840000045486],[5.13184619997628],par01,1,2025-11-13_21h18.47.046,intentional binding,,2025.1.1,60.31748713,2025-11-13 21h18.55.325985 +0530
0.1,1000,exp,6,1,[3.550414700061083],[3.5504210999934003],21,3,255,9,1983.824502,,1983.807337,1983.824502,1984.807151,1984.807151,1984.822895,1985.673651,space,0.8589238,None,1985.674883,1985.774856,1986.101511,1986.079574,1986.079943,1986.101511,1986.101511,1986.101511,1989.652178,6,1,[3.550414700061083],[3.5504210999934003],par01,1,2025-11-13_21h18.47.046,intentional binding,,2025.1.1,60.31748713,2025-11-13 21h18.55.325985 +0530
0.7,1000,exp,650,1,[21.816847400041297],[21.816854700096883],21,4,256,11,1989.668471,,1989.652351,1989.668471,1990.667449,1990.667449,1990.667449,1995.063232,space,4.3946874,None,1995.063839,1995.763003,1996.075359,1996.060852,1996.061583,1996.075359,1996.075359,1996.075359,2017.892513,650,1,[21.816847400041297],[21.816854700096883],par01,1,2025-11-13_21h18.47.046,intentional binding,,2025.1.1,60.31748713,2025-11-13 21h18.55.325985 +0530
0.1,1000,exp,350,1,[11.092334300046787],[11.09234039997682],21,5,257,3,2017.906789,,2017.89292,2017.906789,2018.906654,2018.906654,2018.906654,2021.403342,space,2.4894942,None,2021.403985,2021.504446,2021.816264,2021.805377,2021.805706,2021.816264,2021.816264,2021.816264,2032.908839,350,1,[11.092334300046787],[11.09234039997682],par01,1,2025-11-13_21h18.47.046,intentional binding,,2025.1.1,60.31748713,2025-11-13 21h18.55.325985 +0530
0.4,1000,exp,640,1,[4.683008200023323],[4.683013900066726],21,6,258,7,2032.9255,,2032.909006,2032.9255,2033.909091,2033.909091,2033.925758,2036.439454,space,2.5240543,None,2036.440024,2036.839808,2037.151619,2037.140495,2037.140871,2037.151619,2037.151619,2037.151619,2041.834885,640,1,[4.683008200023323],[4.683013900066726],par01,1,2025-11-13_21h18.47.046,intentional binding,,2025.1.1,60.31748713,2025-11-13 21h18.55.325985 +0530
0.7,400,unexp,780,1,[3.5505009000189602],[3.5505065999459475],21,7,259,2,2041.849517,,2041.835052,2041.849517,2042.849507,2042.849507,2042.849507,2044.248893,space,1.3913615,None,2044.249627,2044.949188,2045.260406,2045.246399,2045.247073,2045.260406,2045.260406,2045.260406,2048.811156,780,1,[3.5505009000189602],[3.5505065999459475],par01,1,2025-11-13_21h18.47.046,intentional binding,,2025.1.1,60.31748713,2025-11-13 21h18.55.325985 +0530
0.7,1000,exp,760,1,[5.3825561999110505],[5.38256239995826],21,8,260,8,2048.825506,,2048.81132,2048.825506,2049.825157,2049.825157,2049.825157,2050.892213,space,1.0654572,None,2050.892806,2051.591763,2051.903434,2051.886205,2051.88697,2051.903434,2051.903434,2051.903434,2057.286319,760,1,[5.3825561999110505],[5.38256239995826],par01,1,2025-11-13_21h18.47.046,intentional binding,,2025.1.1,60.31748713,2025-11-13 21h18.55.325985 +0530
0.4,1000,exp,750,1,[3.984340999973938],[3.9843469000188634],21,9,261,10,2057.301468,,2057.286615,2057.301468,2058.300815,2058.300815,2058.300815,2059.352051,space,1.0465448,None,2059.352832,2059.76766,2060.078474,2060.068592,2060.069017,2060.078474,2060.078474,2060.078474,2064.06305,750,1,[3.984340999973938],[3.9843469000188634],par01,1,2025-11-13_21h18.47.046,intentional binding,,2025.1.1,60.31748713,2025-11-13 21h18.55.325985 +0530
0.4,400,unexp,870,1,[4.382902599987574],[4.3829125999473035],21,10,262,1,2064.078611,,2064.063276,2064.078611,2065.078138,2065.078138,2065.078138,2066.57585,space,1.4895329,None,2066.576411,2066.978042,2067.288613,2067.274961,2067.275447,2067.288613,2067.288613,2067.288613,2071.671815,870,1,[4.382902599987574],[4.3829125999473035],par01,1,2025-11-13_21h18.47.046,intentional binding,,2025.1.1,60.31748713,2025-11-13 21h18.55.325985 +0530
0.4,1000,exp,700,1,[3.2668427999597043],[3.266851400025189],21,11,263,4,2071.686563,,2071.67199,2071.686563,2072.686844,2072.686844,2072.686844,2073.819092,space,1.1168265,None,2073.819623,2074.219298,2074.532207,2074.516029,2074.516914,2074.532207,2074.532207,2074.532207,2077.799621,700,1,[3.2668427999597043],[3.266851400025189],par01,1,2025-11-13_21h18.47.046,intentional binding,,2025.1.1,60.31748713,2025-11-13 21h18.55.325985 +0530
0.4,400,unexp,860,1,[4.0324660000624135],[4.032473300001584],22,0,264,1,2077.814548,,2077.799899,2077.814548,2078.813921,2078.813921,2078.813921,2079.6823,space,0.8567453,None,2079.682785,2080.097654,2080.426111,2080.399391,2080.399776,2080.426111,2080.426111,2080.426111,2084.458835,860,1,[4.0324660000624135],[4.032473300001584],par01,1,2025-11-13_21h18.47.046,intentional binding,,2025.1.1,60.31748713,2025-11-13 21h18.55.325985 +0530
0.7,1000,exp,700,1,[3.982748500071466],[3.9827542999992147],22,1,265,8,2084.47469,,2084.459016,2084.47469,2085.458271,2085.458271,2085.47517,2087.122791,space,1.6475261,None,2087.12345,2087.824205,2088.135141,2088.121813,2088.122285,2088.135141,2088.135141,2088.135141,2092.118503,700,1,[3.982748500071466],[3.9827542999992147],par01,1,2025-11-13_21h18.47.046,intentional binding,,2025.1.1,60.31748713,2025-11-13 21h18.55.325985 +0530
0.7,1000,exp,430,1,[23.545603099977598],[23.545612500049174],22,2,266,11,2092.133275,,2092.118673,2092.133275,2093.13376,2093.13376,2093.13376,2095.115484,space,1.9723695,None,2095.116,2095.815426,2096.146943,2096.127464,2096.127847,2096.146943,2096.146943,2096.146943,2119.692872,430,1,[23.545603099977598],[23.545612500049174],par01,1,2025-11-13_21h18.47.046,intentional binding,,2025.1.1,60.31748713,2025-11-13 21h18.55.325985 +0530
0.1,400,unexp,760,1,[6.34683140006382],[6.346837499993853],22,3,267,0,2119.706495,,2119.693125,2119.706495,2120.706863,2120.706863,2120.706863,2121.306442,space,0.5885476,None,2121.307084,2121.406077,2121.735299,2121.708484,2121.709103,2121.735299,2121.735299,2121.735299,2128.082426,760,1,[6.34683140006382],[6.346837499993853],par01,1,2025-11-13_21h18.47.046,intentional binding,,2025.1.1,60.31748713,2025-11-13 21h18.55.325985 +0530
0.7,400,unexp,450,1,[6.343941499944776],[6.343947499990463],22,4,268,2,2128.098036,,2128.082647,2128.098036,2129.08187,2129.08187,2129.098037,2129.81463,space,0.7193738,None,2129.815143,2130.530936,2130.846495,2130.829603,2130.829967,2130.846495,2130.846495,2130.846495,2137.190677,450,1,[6.343941499944776],[6.343947499990463],par01,1,2025-11-13_21h18.47.046,intentional binding,,2025.1.1,60.31748713,2025-11-13 21h18.55.325985 +0530
0.1,1000,exp,760,1,[3.665419999975711],[3.665426400024444],22,5,269,6,2137.20588,,2137.190858,2137.20588,2138.205365,2138.205365,2138.205365,2138.805674,space,0.5873327,None,2138.806261,2138.906661,2139.23528,2139.209529,2139.209987,2139.23528,2139.23528,2139.23528,2142.900968,760,1,[3.665419999975711],[3.665426400024444],par01,1,2025-11-13_21h18.47.046,intentional binding,,2025.1.1,60.31748713,2025-11-13 21h18.55.325985 +0530
0.1,1000,exp,450,1,[5.2818287999834865],[5.281835399917327],22,6,270,9,2142.917271,,2142.901136,2142.917271,2143.89988,2143.89988,2143.918196,2145.165287,space,1.2535653,None,2145.165781,2145.266681,2145.578416,2145.56468,2145.565181,2145.578416,2145.578416,2145.578416,2150.860489,450,1,[5.2818287999834865],[5.281835399917327],par01,1,2025-11-13_21h18.47.046,intentional binding,,2025.1.1,60.31748713,2025-11-13 21h18.55.325985 +0530
0.4,1000,exp,543,1,[17.101344599970616],[17.101354599930346],22,7,271,7,2150.875522,,2150.860661,2150.875522,2151.875798,2151.875798,2151.875798,2154.273641,space,2.3892214,None,2154.274392,2154.674807,2154.986967,2154.968203,2154.968924,2154.986967,2154.986967,2154.986967,2172.088742,543,1,[17.101344599970616],[17.101354599930346],par01,1,2025-11-13_21h18.47.046,intentional binding,,2025.1.1,60.31748713,2025-11-13 21h18.55.325985 +0530
0.4,1000,exp,540,1,[4.050458099925891],[4.050464699976146],22,8,272,4,2172.104744,,2172.088917,2172.104744,2173.087902,2173.087902,2173.105298,2173.839081,space,0.7368381,None,2173.83977,2174.253578,2174.566362,2174.547975,2174.548476,2174.566362,2174.566362,2174.566362,2178.61707,540,1,[4.050458099925891],[4.050464699976146],par01,1,2025-11-13_21h18.47.046,intentional binding,,2025.1.1,60.31748713,2025-11-13 21h18.55.325985 +0530
0.4,1000,exp,740,1,[18.85134149994701],[18.851347999996506],22,9,273,10,2178.631327,,2178.617239,2178.631327,2179.631439,2179.631439,2179.631439,2182.215802,space,2.568904,None,2182.216775,2182.629699,2182.941516,2182.928747,2182.929032,2182.941516,2182.941516,2182.941516,2201.793097,740,1,[18.85134149994701],[18.851347999996506],par01,1,2025-11-13_21h18.47.046,intentional binding,,2025.1.1,60.31748713,2025-11-13 21h18.55.325985 +0530
0.7,1000,exp,300,1,[7.462938000098802],[7.462943900027312],22,10,274,5,2201.810046,,2201.793435,2201.810046,2202.792455,2202.792455,2202.810233,2203.65901,space,0.8585036,None,2203.659604,2204.358815,2204.686782,2204.662476,2204.662802,2204.686782,2204.686782,2204.686782,2212.149954,300,1,[7.462938000098802],[7.462943900027312],par01,1,2025-11-13_21h18.47.046,intentional binding,,2025.1.1,60.31748713,2025-11-13 21h18.55.325985 +0530
0.1,1000,exp,700,1,[8.060393000021577],[8.06040189997293],22,11,275,3,2212.166759,,2212.150125,2212.166759,2213.149002,2213.149002,2213.181859,2213.615108,space,0.4531928,None,2213.615634,2213.717262,2214.047705,2214.028526,2214.028921,2214.047705,2214.047705,2214.047705,2222.108405,700,1,[8.060393000021577],[8.06040189997293],par01,1,2025-11-13_21h18.47.046,intentional binding,,2025.1.1,60.31748713,2025-11-13 21h18.55.325985 +0530
0.1,400,unexp,500,1,[3.447117200004868],[3.44712319993414],23,0,276,0,2222.122301,,2222.108659,2222.122301,2223.122406,2223.122406,2223.122406,2224.440006,space,1.3172866,None,2224.440601,2224.557444,2224.887511,2224.868581,2224.869031,2224.887511,2224.887511,2224.887511,2228.334865,500,1,[3.447117200004868],[3.44712319993414],par01,1,2025-11-13_21h18.47.046,intentional binding,,2025.1.1,60.31748713,2025-11-13 21h18.55.325985 +0530
0.4,1000,exp,670,1,[7.6290637999773026],[7.629069799906574],23,1,277,7,2228.349645,,2228.335033,2228.349645,2229.349798,2229.349798,2229.349798,2229.483254,space,0.1263913,None,2229.484324,2229.88314,2230.195783,2230.177928,2230.178613,2230.195783,2230.195783,2230.195783,2237.825091,670,1,[7.6290637999773026],[7.629069799906574],par01,1,2025-11-13_21h18.47.046,intentional binding,,2025.1.1,60.31748713,2025-11-13 21h18.55.325985 +0530
0.7,400,unexp,850,1,[10.426447300007567],[10.426454000058584],23,2,278,2,2237.84189,,2237.82526,2237.84189,2238.824076,2238.824076,2238.857635,2238.891315,space,0.0601943,None,2238.892017,2239.591055,2239.920077,2239.886839,2239.887791,2239.920077,2239.920077,2239.920077,2250.346812,850,1,[10.426447300007567],[10.426454000058584],par01,1,2025-11-13_21h18.47.046,intentional binding,,2025.1.1,60.31748713,2025-11-13 21h18.55.325985 +0530
0.1,1000,exp,400,1,[4.7983054999494925],[4.798312300001271],23,3,279,9,2250.363276,,2250.34699,2250.363276,2251.344357,2251.344357,2251.378163,2251.811003,space,0.4573993,None,2251.811551,2251.912041,2252.240699,2252.215404,2252.215988,2252.240699,2252.240699,2252.240699,2257.039301,400,1,[4.7983054999494925],[4.798312300001271],par01,1,2025-11-13_21h18.47.046,intentional binding,,2025.1.1,60.31748713,2025-11-13 21h18.55.325985 +0530
0.7,1000,exp,300,1,[5.748372300062329],[5.7483783001080155],23,4,280,5,2257.055631,,2257.039612,2257.055631,2258.038569,2258.038569,2258.055724,2258.821426,space,0.7733529,None,2258.822,2259.538648,2259.8497,2259.836808,2259.837256,2259.8497,2259.8497,2259.8497,2265.598329,300,1,[5.748372300062329],[5.7483783001080155],par01,1,2025-11-13_21h18.47.046,intentional binding,,2025.1.1,60.31748713,2025-11-13 21h18.55.325985 +0530
0.7,1000,exp,260,1,[5.9983949000015855],[5.998420499963686],23,5,281,8,2265.613932,,2265.598499,2265.613932,2266.613423,2266.613423,2266.613423,2267.531138,space,0.9104504,None,2267.532038,2268.246196,2268.557555,2268.545121,2268.545502,2268.557555,2268.557555,2268.557555,2274.556377,260,1,[5.9983949000015855],[5.998420499963686],par01,1,2025-11-13_21h18.47.046,intentional binding,,2025.1.1,60.31748713,2025-11-13 21h18.55.325985 +0530
0.7,1000,exp,620,1,[5.614428500062786],[5.614434299990535],23,6,282,11,2274.571054,,2274.556558,2274.571054,2275.570598,2275.570598,2275.570598,2277.355354,space,1.7760023,None,2277.356257,2278.069682,2278.381757,2278.366184,2278.366801,2278.381757,2278.381757,2278.381757,2283.996432,620,1,[5.614428500062786],[5.614434299990535],par01,1,2025-11-13_21h18.47.046,intentional binding,,2025.1.1,60.31748713,2025-11-13 21h18.55.325985 +0530
0.1,1000,exp,700,1,[4.4837447999743745],[4.4837506000185385],23,7,283,3,2284.012064,,2283.996599,2284.012064,2285.011296,2285.011296,2285.011296,2285.129403,space,0.10621,None,2285.129984,2285.246079,2285.574861,2285.548172,2285.548602,2285.574861,2285.574861,2285.574861,2290.058857,700,1,[4.4837447999743745],[4.4837506000185385],par01,1,2025-11-13_21h18.47.046,intentional binding,,2025.1.1,60.31748713,2025-11-13 21h18.55.325985 +0530
0.4,400,unexp,650,1,[4.8488644999451935],[4.8488704999908805],23,8,284,1,2290.072549,,2290.059038,2290.072549,2291.072399,2291.072399,2291.072399,2291.970939,space,0.8919011,None,2291.971648,2292.372576,2292.683937,2292.670071,2292.670554,2292.683937,2292.683937,2292.683937,2297.533077,650,1,[4.8488644999451935],[4.8488704999908805],par01,1,2025-11-13_21h18.47.046,intentional binding,,2025.1.1,60.31748713,2025-11-13 21h18.55.325985 +0530
0.4,1000,exp,630,1,[5.947355499956757],[5.947418199968524],23,9,285,10,2297.548985,,2297.533243,2297.548985,2298.548591,2298.548591,2298.548591,2299.51431,space,0.9522833,None,2299.514976,2299.915014,2300.24407,2300.218613,2300.21906,2300.24407,2300.24407,2300.24407,2306.192074,630,1,[5.947355499956757],[5.947418199968524],par01,1,2025-11-13_21h18.47.046,intentional binding,,2025.1.1,60.31748713,2025-11-13 21h18.55.325985 +0530
0.1,1000,exp,450,1,[7.77885750005953],[7.778864199994132],23,10,286,6,2306.206345,,2306.192318,2306.206345,2307.206308,2307.206308,2307.206308,2307.756526,space,0.5409707,None,2307.757114,2307.855956,2308.168708,2308.156229,2308.156655,2308.168708,2308.168708,2308.168708,2315.947814,450,1,[7.77885750005953],[7.778864199994132],par01,1,2025-11-13_21h18.47.046,intentional binding,,2025.1.1,60.31748713,2025-11-13 21h18.55.325985 +0530
0.4,1000,exp,380,1,[5.7809775999048725],[5.780984099954367],23,11,287,4,2315.964125,,2315.948085,2315.964125,2316.947107,2316.947107,2316.965972,2318.330004,space,1.3680872,None,2318.330762,2318.729063,2319.042073,2319.029117,2319.029584,2319.042073,2319.042073,2319.042073,2324.823287,380,1,[5.7809775999048725],[5.780984099954367],par01,1,2025-11-13_21h18.47.046,intentional binding,,2025.1.1,60.31748713,2025-11-13 21h18.55.325985 +0530
0.1,1000,exp,420,1,[4.4975807999726385],[4.497586899902672],24,0,288,9,2324.839657,,2324.823675,2324.839657,2325.82092,2325.82092,2325.855256,2326.887144,space,1.0554987,None,2326.887825,2326.988754,2327.30275,2327.290614,2327.290966,2327.30275,2327.30275,2327.30275,2331.801019,420,1,[4.4975807999726385],[4.497586899902672],par01,1,2025-11-13_21h18.47.046,intentional binding,,2025.1.1,60.31748713,2025-11-13 21h18.55.325985 +0530
0.7,1000,exp,540,1,[5.116121400031261],[5.116130599984899],24,1,289,11,2331.814864,,2331.801249,2331.814864,2332.81378,2332.81378,2332.81378,2334.681715,space,1.8647161,None,2334.68241,2335.39599,2335.7083,2335.694923,2335.695611,2335.7083,2335.7083,2335.7083,2340.824731,540,1,[5.116121400031261],[5.116130599984899],par01,1,2025-11-13_21h18.47.046,intentional binding,,2025.1.1,60.31748713,2025-11-13 21h18.55.325985 +0530
0.1,1000,exp,450,1,[11.339568500057794],[11.339574199984781],24,2,290,6,2340.839607,,2340.824957,2340.839607,2341.839473,2341.839473,2341.839473,2341.89077,space,0.0404331,None,2341.891325,2342.008226,2342.32134,2342.30942,2342.309762,2342.32134,2342.32134,2342.32134,2353.661157,450,1,[11.339568500057794],[11.339574199984781],par01,1,2025-11-13_21h18.47.046,intentional binding,,2025.1.1,60.31748713,2025-11-13 21h18.55.325985 +0530
0.4,1000,exp,250,1,[5.59813350008335],[5.598139900015667],24,3,291,4,2353.677466,,2353.661324,2353.677466,2354.659719,2354.659719,2354.693484,2355.161334,space,0.4945326,None,2355.162387,2355.560561,2355.872387,2355.857278,2355.858196,2355.872387,2355.872387,2355.872387,2361.47079,250,1,[5.59813350008335],[5.598139900015667],par01,1,2025-11-13_21h18.47.046,intentional binding,,2025.1.1,60.31748713,2025-11-13 21h18.55.325985 +0530
0.4,400,unexp,260,1,[6.429102499969304],[6.429109000018798],24,4,292,1,2361.487425,,2361.470974,2361.487425,2362.469223,2362.469223,2362.502344,2364.15308,space,1.6813414,None,2364.153968,2364.569051,2364.897488,2364.871399,2364.871735,2364.897488,2364.897488,2364.897488,2371.326831,260,1,[6.429102499969304],[6.429109000018798],par01,1,2025-11-13_21h18.47.046,intentional binding,,2025.1.1,60.31748713,2025-11-13 21h18.55.325985 +0530
0.7,400,unexp,400,1,[27.124030099948868],[27.124038800015114],24,5,293,2,2371.343422,,2371.327,2371.343422,2372.326623,2372.326623,2372.343876,2372.743119,space,0.4058999,None,2372.743801,2373.442467,2373.77417,2373.755723,2373.756251,2373.77417,2373.77417,2373.77417,2400.898504,400,1,[27.124030099948868],[27.124038800015114],par01,1,2025-11-13_21h18.47.046,intentional binding,,2025.1.1,60.31748713,2025-11-13 21h18.55.325985 +0530
0.1,1000,exp,350,1,[9.477409600047395],[9.47741589997895],24,6,294,3,2400.913453,,2400.898787,2400.913453,2401.912932,2401.912932,2401.912932,2402.93196,space,1.0116914,None,2402.932816,2403.046681,2403.358463,2403.347836,2403.348273,2403.358463,2403.358463,2403.358463,2412.83611,350,1,[9.477409600047395],[9.47741589997895],par01,1,2025-11-13_21h18.47.046,intentional binding,,2025.1.1,60.31748713,2025-11-13 21h18.55.325985 +0530
0.1,400,unexp,400,1,[14.540868900017813],[14.540875200065784],24,7,295,0,2412.852972,,2412.83628,2412.852972,2413.834603,2413.834603,2413.868581,2413.887282,space,0.0470918,None,2413.887957,2414.00214,2414.31437,2414.296648,2414.297633,2414.31437,2414.31437,2414.31437,2428.855481,400,1,[14.540868900017813],[14.540875200065784],par01,1,2025-11-13_21h18.47.046,intentional binding,,2025.1.1,60.31748713,2025-11-13 21h18.55.325985 +0530
0.4,1000,exp,230,1,[5.514551100088283],[5.5145572000183165],24,8,296,10,2428.86978,,2428.855849,2428.86978,2429.86927,2429.86927,2429.86927,2430.522448,space,0.6468236,None,2430.523342,2430.937004,2431.264522,2431.240751,2431.241453,2431.264522,2431.264522,2431.264522,2436.779323,230,1,[5.514551100088283],[5.5145572000183165],par01,1,2025-11-13_21h18.47.046,intentional binding,,2025.1.1,60.31748713,2025-11-13 21h18.55.325985 +0530
0.7,1000,exp,400,1,[3.6990071999607608],[3.6990140000125393],24,9,297,8,2436.795877,,2436.779497,2436.795877,2437.778503,2437.778503,2437.795721,2437.811021,space,0.0242662,None,2437.811504,2438.51111,2438.824292,2438.805372,2438.805943,2438.824292,2438.824292,2438.824292,2442.523545,400,1,[3.6990071999607608],[3.6990140000125393],par01,1,2025-11-13_21h18.47.046,intentional binding,,2025.1.1,60.31748713,2025-11-13 21h18.55.325985 +0530
0.7,1000,exp,450,1,[3.67976660002023],[3.679774699965492],24,10,298,5,2442.541215,,2442.523711,2442.541215,2443.522919,2443.522919,2443.555739,2444.20856,space,0.6766508,None,2444.209361,2444.923514,2445.237747,2445.222653,2445.223176,2445.237747,2445.237747,2445.237747,2448.917909,450,1,[3.67976660002023],[3.679774699965492],par01,1,2025-11-13_21h18.47.046,intentional binding,,2025.1.1,60.31748713,2025-11-13 21h18.55.325985 +0530
0.4,1000,exp,600,1,[4.350169299985282],[4.3501754000317305],24,11,299,7,2448.933701,,2448.91808,2448.933701,2449.917575,2449.917575,2449.934309,2450.849088,space,0.9292137,None,2450.849739,2451.250741,2451.578386,2451.555251,2451.555724,2451.578386,2451.578386,2451.578386,2455.928809,600,1,[4.350169299985282],[4.3501754000317305],par01,1,2025-11-13_21h18.47.046,intentional binding,,2025.1.1,60.31748713,2025-11-13 21h18.55.325985 +0530
0.7,1000,exp,800,1,[2.384485900052823],[2.3844918999820948],25,0,300,11,2455.942135,,2455.928978,2455.942135,2456.942312,2456.942312,2456.942312,2457.24292,space,0.297696,None,2457.243787,2457.94268,2458.255143,2458.240014,2458.240633,2458.255143,2458.255143,2458.255143,2460.639873,800,1,[2.384485900052823],[2.3844918999820948],par01,1,2025-11-13_21h18.47.046,intentional binding,,2025.1.1,60.31748713,2025-11-13 21h18.55.325985 +0530
0.7,400,unexp,240,1,[2.7137624999741092],[2.7137688000220805],25,1,301,2,2460.654734,,2460.640042,2460.654734,2461.65538,2461.65538,2461.65538,2461.839109,space,0.1659857,None,2461.839662,2462.556066,2462.88661,2462.867321,2462.867681,2462.88661,2462.88661,2462.88661,2465.600628,240,1,[2.7137624999741092],[2.7137688000220805],par01,1,2025-11-13_21h18.47.046,intentional binding,,2025.1.1,60.31748713,2025-11-13 21h18.55.325985 +0530
0.4,1000,exp,400,1,[1.0017090999754146],[1.0017148000188172],25,2,302,4,2465.618197,,2465.600797,2465.618197,2466.601032,2466.601032,2466.618035,2466.9678,space,0.3638938,None,2466.968483,2467.367563,2467.67927,2467.664008,2467.66465,2467.67927,2467.67927,2467.67927,2468.681219,400,1,[1.0017090999754146],[1.0017148000188172],par01,1,2025-11-13_21h18.47.046,intentional binding,,2025.1.1,60.31748713,2025-11-13 21h18.55.325985 +0530
0.4,1000,exp,450,1,[1.768127299961634],[1.7681357000255957],25,3,303,10,2468.698034,,2468.681389,2468.698034,2469.680898,2469.680898,2469.698124,2469.981061,space,0.2847622,None,2469.981873,2470.380635,2470.692475,2470.677963,2470.678628,2470.692475,2470.692475,2470.692475,2472.460943,450,1,[1.768127299961634],[1.7681357000255957],par01,1,2025-11-13_21h18.47.046,intentional binding,,2025.1.1,60.31748713,2025-11-13 21h18.55.325985 +0530
0.1,1000,exp,100,1,[2.400638399994932],[2.4006440999219194],25,4,304,6,2472.478785,,2472.461168,2472.478785,2473.460183,2473.460183,2473.493268,2473.561071,space,0.0872449,None,2473.56175,2473.661722,2473.990095,2473.966257,2473.966668,2473.990095,2473.990095,2473.990095,2476.390983,100,1,[2.400638399994932],[2.4006440999219194],par01,1,2025-11-13_21h18.47.046,intentional binding,,2025.1.1,60.31748713,2025-11-13 21h18.55.325985 +0530
0.1,400,unexp,200,1,[0.9190813000313938],[0.9190874000778422],25,5,305,0,2476.406775,,2476.391149,2476.406775,2477.405892,2477.405892,2477.405892,2478.65589,space,1.238935,None,2478.656483,2478.773623,2479.101498,2479.075635,2479.076191,2479.101498,2479.101498,2479.101498,2480.020834,200,1,[0.9190813000313938],[0.9190874000778422],par01,1,2025-11-13_21h18.47.046,intentional binding,,2025.1.1,60.31748713,2025-11-13 21h18.55.325985 +0530
0.4,1000,exp,300,1,[0.9666765999281779],[0.9666847999906167],25,6,306,7,2480.036468,,2480.021007,2480.036468,2481.036684,2481.036684,2481.036684,2481.087861,space,0.0355365,None,2481.088589,2481.504524,2481.834651,2481.816368,2481.816849,2481.834651,2481.834651,2481.834651,2482.801626,300,1,[0.9666765999281779],[0.9666847999906167],par01,1,2025-11-13_21h18.47.046,intentional binding,,2025.1.1,60.31748713,2025-11-13 21h18.55.325985 +0530
0.4,400,unexp,300,1,[1.3358897001016885],[1.3358967000385746],25,7,307,1,2482.816853,,2482.80186,2482.816853,2483.816755,2483.816755,2483.816755,2484.101891,space,0.2771077,None,2484.102842,2484.51796,2484.828632,2484.816099,2484.816426,2484.828632,2484.828632,2484.828632,2486.164791,300,1,[1.3358897001016885],[1.3358967000385746],par01,1,2025-11-13_21h18.47.046,intentional binding,,2025.1.1,60.31748713,2025-11-13 21h18.55.325985 +0530
0.7,1000,exp,350,1,[1.0357941999100149],[1.035800699959509],25,8,308,8,2486.180682,,2486.164991,2486.180682,2487.163486,2487.163486,2487.181577,2487.38135,space,0.211245,None,2487.382019,2488.096418,2488.40868,2488.397675,2488.398083,2488.40868,2488.40868,2488.40868,2489.444714,350,1,[1.0357941999100149],[1.035800699959509],par01,1,2025-11-13_21h18.47.046,intentional binding,,2025.1.1,60.31748713,2025-11-13 21h18.55.325985 +0530
0.7,1000,exp,450,1,[1.502266800031066],[1.5022761999862269],25,9,309,5,2489.460846,,2489.44512,2489.460846,2490.44353,2490.44353,2490.461719,2490.594402,space,0.1378694,None,2490.594966,2491.310252,2491.621871,2491.608228,2491.608744,2491.621871,2491.621871,2491.621871,2493.124477,450,1,[1.502266800031066],[1.5022761999862269],par01,1,2025-11-13_21h18.47.046,intentional binding,,2025.1.1,60.31748713,2025-11-13 21h18.55.325985 +0530
0.1,1000,exp,500,1,[1.302015700028278],[1.3020214999560267],25,10,310,3,2493.140085,,2493.124776,2493.140085,2494.123375,2494.123375,2494.140607,2494.423144,space,0.2901465,None,2494.423786,2494.523775,2494.836267,2494.824106,2494.824434,2494.836267,2494.836267,2494.836267,2496.13853,500,1,[1.302015700028278],[1.3020214999560267],par01,1,2025-11-13_21h18.47.046,intentional binding,,2025.1.1,60.31748713,2025-11-13 21h18.55.325985 +0530
0.1,1000,exp,300,1,[2.6471377999987453],[2.6471449000528082],25,11,311,9,2496.154885,,2496.138707,2496.154885,2497.13667,2497.13667,2497.169334,2497.48861,space,0.3394718,None,2497.489233,2497.605199,2497.935488,2497.91763,2497.918235,2497.935488,2497.935488,2497.935488,2500.582934,300,1,[2.6471377999987453],[2.6471449000528082],par01,1,2025-11-13_21h18.47.046,intentional binding,,2025.1.1,60.31748713,2025-11-13 21h18.55.325985 +0530
0.1,400,unexp,400,1,[1.2155196000821888],[1.2155261000152677],26,0,312,0,2500.600872,,2500.583194,2500.600872,2501.58269,2501.58269,2501.615866,2501.768047,space,0.1849638,None,2501.768703,2501.884207,2502.215496,2502.195744,2502.196141,2502.215496,2502.215496,2502.215496,2503.431254,400,1,[1.2155196000821888],[1.2155261000152677],par01,1,2025-11-13_21h18.47.046,intentional binding,,2025.1.1,60.31748713,2025-11-13 21h18.55.325985 +0530
0.1,1000,exp,300,1,[1.7526256999699399],[1.7526314000133425],26,1,313,6,2503.447237,,2503.431422,2503.447237,2504.429813,2504.429813,2504.446843,2504.76181,space,0.3243615,None,2504.76227,2504.864468,2505.192095,2505.168211,2505.168693,2505.192095,2505.192095,2505.192095,2506.944962,300,1,[1.7526256999699399],[1.7526314000133425],par01,1,2025-11-13_21h18.47.046,intentional binding,,2025.1.1,60.31748713,2025-11-13 21h18.55.325985 +0530
0.7,1000,exp,300,1,[1.7670163000002503],[1.7670228000497445],26,2,314,11,2506.959416,,2506.945135,2506.959416,2507.959469,2507.959469,2507.959469,2508.278403,space,0.3115678,None,2508.279208,2508.992527,2509.322528,2509.296314,2509.296688,2509.322528,2509.322528,2509.322528,2511.089822,300,1,[1.7670163000002503],[1.7670228000497445],par01,1,2025-11-13_21h18.47.046,intentional binding,,2025.1.1,60.31748713,2025-11-13 21h18.55.325985 +0530
0.7,1000,exp,400,1,[2.218074900098145],[2.218081000028178],26,3,315,5,2511.106642,,2511.090047,2511.106642,2512.088619,2512.088619,2512.121881,2512.689074,space,0.60008,None,2512.689704,2513.388482,2513.70083,2513.684243,2513.685549,2513.70083,2513.70083,2513.70083,2515.919144,400,1,[2.218074900098145],[2.218081000028178],par01,1,2025-11-13_21h18.47.046,intentional binding,,2025.1.1,60.31748713,2025-11-13 21h18.55.325985 +0530
0.7,400,unexp,400,1,[2.5469473000848666],[2.5469542000209913],26,4,316,2,2515.934295,,2515.919314,2515.934295,2516.934501,2516.934501,2516.934501,2517.451352,space,0.5162772,None,2517.452017,2518.168255,2518.482901,2518.466919,2518.467295,2518.482901,2518.482901,2518.482901,2521.03012,400,1,[2.5469473000848666],[2.5469542000209913],par01,1,2025-11-13_21h18.47.046,intentional binding,,2025.1.1,60.31748713,2025-11-13 21h18.55.325985 +0530
0.4,400,unexp,400,1,[2.9999055999796838],[2.999913900042884],26,5,317,1,2521.046409,,2521.030286,2521.046409,2522.02897,2522.02897,2522.047457,2524.743143,space,2.7052669,None,2524.743708,2525.143715,2525.472669,2525.446503,2525.446834,2525.472669,2525.472669,2525.472669,2528.472902,400,1,[2.9999055999796838],[2.999913900042884],par01,1,2025-11-13_21h18.47.046,intentional binding,,2025.1.1,60.31748713,2025-11-13 21h18.55.325985 +0530
0.1,1000,exp,300,1,[6.4311479000607505],[6.431154899997637],26,6,318,3,2528.491115,,2528.473152,2528.491115,2529.470999,2529.470999,2529.504438,2535.451405,space,5.9740446,None,2535.452121,2535.567157,2535.879012,2535.867342,2535.867784,2535.879012,2535.879012,2535.879012,2542.310412,300,1,[6.4311479000607505],[6.431154899997637],par01,1,2025-11-13_21h18.47.046,intentional binding,,2025.1.1,60.31748713,2025-11-13 21h18.55.325985 +0530
0.4,1000,exp,200,1,[1.3355421000160277],[1.3355481000617146],26,7,319,7,2542.325915,,2542.310598,2542.325915,2543.325042,2543.325042,2543.325042,2543.658188,space,0.3195759,None,2543.658795,2544.058099,2544.370252,2544.358802,2544.359209,2544.370252,2544.370252,2544.370252,2545.706032,200,1,[1.3355421000160277],[1.3355481000617146],par01,1,2025-11-13_21h18.47.046,intentional binding,,2025.1.1,60.31748713,2025-11-13 21h18.55.325985 +0530
0.4,1000,exp,500,1,[5.431506600114517],[5.431512400042266],26,8,320,10,2545.722035,,2545.706584,2545.722035,2546.721442,2546.721442,2546.737813,2548.23649,space,1.5009692,None,2548.236983,2548.637555,2548.949183,2548.936249,2548.936749,2548.949183,2548.949183,2548.949183,2554.381249,500,1,[5.431506600114517],[5.431512400042266],par01,1,2025-11-13_21h18.47.046,intentional binding,,2025.1.1,60.31748713,2025-11-13 21h18.55.325985 +0530
0.4,1000,exp,400,1,[1.0871261999709532],[1.0871325000189245],26,9,321,4,2554.398076,,2554.381424,2554.398076,2555.380365,2555.380365,2555.413356,2557.331192,space,1.9443254,None,2557.332106,2557.745572,2558.056944,2558.045439,2558.045828,2558.056944,2558.056944,2558.056944,2559.144307,400,1,[1.0871261999709532],[1.0871325000189245],par01,1,2025-11-13_21h18.47.046,intentional binding,,2025.1.1,60.31748713,2025-11-13 21h18.55.325985 +0530
0.1,1000,exp,300,1,[3.565887099946849],[3.565893299994059],26,10,322,9,2559.159006,,2559.144474,2559.159006,2560.158765,2560.158765,2560.158765,2561.489869,space,1.323248,None,2561.490394,2561.591425,2561.903671,2561.884715,2561.885444,2561.903671,2561.903671,2561.903671,2565.46981,300,1,[3.565887099946849],[3.565893299994059],par01,1,2025-11-13_21h18.47.046,intentional binding,,2025.1.1,60.31748713,2025-11-13 21h18.55.325985 +0530
0.7,1000,exp,300,1,[1.0856571000767872],[1.085662700003013],26,11,323,8,2565.486494,,2565.469982,2565.486494,2566.469467,2566.469467,2566.487748,2567.335631,space,0.8597563,None,2567.336516,2568.036666,2568.364331,2568.340133,2568.340528,2568.364331,2568.364331,2568.364331,2569.450238,300,1,[1.0856571000767872],[1.085662700003013],par01,1,2025-11-13_21h18.47.046,intentional binding,,2025.1.1,60.31748713,2025-11-13 21h18.55.325985 +0530
0.4,1000,exp,400,1,[1.234682200010866],[1.2346896999515593],27,0,324,4,2569.465325,,2569.450429,2569.465325,2570.449675,2570.449675,2570.46479,2570.89873,space,0.4364504,None,2570.899409,2571.298187,2571.610253,2571.598778,2571.59922,2571.610253,2571.610253,2571.610253,2572.845181,400,1,[1.234682200010866],[1.2346896999515593],par01,1,2025-11-13_21h18.47.046,intentional binding,,2025.1.1,60.31748713,2025-11-13 21h18.55.325985 +0530
0.1,1000,exp,500,1,[2.7851733000716195],[2.7851796000031754],27,1,325,9,2572.862154,,2572.845439,2572.862154,2573.844682,2573.844682,2573.862193,2574.696024,space,0.8431261,None,2574.69691,2574.812445,2575.140335,2575.116726,2575.117123,2575.140335,2575.140335,2575.140335,2577.925784,500,1,[2.7851733000716195],[2.7851796000031754],par01,1,2025-11-13_21h18.47.046,intentional binding,,2025.1.1,60.31748713,2025-11-13 21h18.55.325985 +0530
0.1,1000,exp,600,1,[1.5341650999616832],[1.534173500025645],27,2,326,6,2577.939704,,2577.92596,2577.939704,2578.940888,2578.940888,2578.940888,2579.440527,space,0.4889916,None,2579.441197,2579.539651,2579.852582,2579.834524,2579.835221,2579.852582,2579.852582,2579.852582,2581.387166,600,1,[1.5341650999616832],[1.534173500025645],par01,1,2025-11-13_21h18.47.046,intentional binding,,2025.1.1,60.31748713,2025-11-13 21h18.55.325985 +0530
0.1,1000,exp,700,1,[1.1358446000376716],[1.1358519999776036],27,3,327,3,2581.403687,,2581.387406,2581.403687,2582.38644,2582.38644,2582.405079,2582.806289,space,0.4108123,None,2582.807139,2582.921442,2583.248827,2583.227009,2583.22744,2583.248827,2583.248827,2583.248827,2584.38492,700,1,[1.1358446000376716],[1.1358519999776036],par01,1,2025-11-13_21h18.47.046,intentional binding,,2025.1.1,60.31748713,2025-11-13 21h18.55.325985 +0530
0.1,400,unexp,700,1,[1.8021148999687284],[1.8021231999155134],27,4,328,0,2584.401175,,2584.385099,2584.401175,2585.384036,2585.384036,2585.401122,2585.901455,space,0.5047114,None,2585.90228,2586.01764,2586.328999,2586.315833,2586.316237,2586.328999,2586.328999,2586.328999,2588.131408,700,1,[1.8021148999687284],[1.8021231999155134],par01,1,2025-11-13_21h18.47.046,intentional binding,,2025.1.1,60.31748713,2025-11-13 21h18.55.325985 +0530
0.4,1000,exp,750,1,[2.000816300045699],[2.0008222000906244],27,5,329,7,2588.146393,,2588.13159,2588.146393,2589.146883,2589.146883,2589.146883,2589.347391,space,0.1936003,None,2589.348347,2589.748251,2590.076368,2590.047966,2590.048433,2590.076368,2590.076368,2590.076368,2592.077458,750,1,[2.000816300045699],[2.0008222000906244],par01,1,2025-11-13_21h18.47.046,intentional binding,,2025.1.1,60.31748713,2025-11-13 21h18.55.325985 +0530
0.7,400,unexp,570,1,[1.5846364999888465],[1.584643500042148],27,6,330,2,2592.093889,,2592.07764,2592.093889,2593.075831,2593.075831,2593.109766,2593.461361,space,0.3720161,None,2593.462041,2594.17622,2594.488279,2594.475831,2594.476191,2594.488279,2594.488279,2594.488279,2596.073191,570,1,[1.5846364999888465],[1.584643500042148],par01,1,2025-11-13_21h18.47.046,intentional binding,,2025.1.1,60.31748713,2025-11-13 21h18.55.325985 +0530
0.7,1000,exp,860,1,[4.199405699968338],[4.199411200010218],27,7,331,8,2596.089818,,2596.073362,2596.089818,2597.071654,2597.071654,2597.105112,2597.472316,space,0.3881649,None,2597.473047,2598.171815,2598.501051,2598.476006,2598.476526,2598.501051,2598.501051,2598.501051,2602.700747,860,1,[4.199405699968338],[4.199411200010218],par01,1,2025-11-13_21h18.47.046,intentional binding,,2025.1.1,60.31748713,2025-11-13 21h18.55.325985 +0530
0.7,1000,exp,650,1,[2.63564170000609],[2.6356487000593916],27,8,332,5,2602.716567,,2602.700926,2602.716567,2603.699274,2603.699274,2603.717802,2604.065961,space,0.363871,None,2604.066592,2604.766647,2605.077308,2605.065503,2605.065892,2605.077308,2605.077308,2605.077308,2607.713199,650,1,[2.63564170000609],[2.6356487000593916],par01,1,2025-11-13_21h18.47.046,intentional binding,,2025.1.1,60.31748713,2025-11-13 21h18.55.325985 +0530
0.7,1000,exp,650,1,[3.8663943000137806],[3.866400699946098],27,9,333,11,2607.728167,,2607.713589,2607.728167,2608.728359,2608.728359,2608.743083,2610.227365,space,1.4875234,None,2610.228204,2610.943273,2611.254444,2611.244045,2611.244706,2611.254444,2611.254444,2611.254444,2615.121067,650,1,[3.8663943000137806],[3.866400699946098],par01,1,2025-11-13_21h18.47.046,intentional binding,,2025.1.1,60.31748713,2025-11-13 21h18.55.325985 +0530
0.4,1000,exp,860,1,[1.5179782001068816],[1.5179840000346303],27,10,334,10,2615.138175,,2615.121286,2615.138175,2616.120487,2616.120487,2616.153617,2616.388291,space,0.263124,None,2616.389008,2616.802771,2617.116208,2617.096388,2617.097061,2617.116208,2617.116208,2617.116208,2618.634421,860,1,[1.5179782001068816],[1.5179840000346303],par01,1,2025-11-13_21h18.47.046,intentional binding,,2025.1.1,60.31748713,2025-11-13 21h18.55.325985 +0530
0.4,400,unexp,750,1,[2.5000218000495806],[2.5000280999811366],27,11,335,1,2618.649536,,2618.634599,2618.649536,2619.650236,2619.650236,2619.650236,2619.983533,space,0.3309995,None,2619.984169,2620.384632,2620.713161,2620.684856,2620.685338,2620.713161,2620.713161,2620.713161,2623.213485,750,1,[2.5000218000495806],[2.5000280999811366],par01,1,2025-11-13_21h18.47.046,intentional binding,,2025.1.1,60.31748713,2025-11-13 21h18.55.325985 +0530
0.4,1000,exp,870,1,[1.6844508000649512],[1.6844573999987915],28,0,336,10,2623.230357,,2623.213658,2623.230357,2624.211804,2624.211804,2624.244952,2624.698146,space,0.471692,None,2624.698908,2625.112982,2625.441045,2625.417702,2625.418098,2625.441045,2625.441045,2625.441045,2627.125743,870,1,[1.6844508000649512],[1.6844573999987915],par01,1,2025-11-13_21h18.47.046,intentional binding,,2025.1.1,60.31748713,2025-11-13 21h18.55.325985 +0530
0.4,400,unexp,980,1,[1.6368080999236554],[1.6368172999937087],28,1,337,1,2627.141942,,2627.125912,2627.141942,2628.126086,2628.126086,2628.143577,2629.475477,space,1.334734,None,2629.476086,2629.8906,2630.203058,2630.186545,2630.187359,2630.203058,2630.203058,2630.203058,2631.840417,980,1,[1.6368080999236554],[1.6368172999937087],par01,1,2025-11-13_21h18.47.046,intentional binding,,2025.1.1,60.31748713,2025-11-13 21h18.55.325985 +0530
0.7,1000,exp,750,1,[1.7853866999503225],[1.785392599995248],28,2,338,5,2631.854324,,2631.840727,2631.854324,2632.853788,2632.853788,2632.853788,2633.187541,space,0.3228824,None,2633.188155,2633.887651,2634.199268,2634.186034,2634.186429,2634.199268,2634.199268,2634.199268,2635.984886,750,1,[1.7853866999503225],[1.785392599995248],par01,1,2025-11-13_21h18.47.046,intentional binding,,2025.1.1,60.31748713,2025-11-13 21h18.55.325985 +0530
0.1,1000,exp,400,1,[1.4517142999684438],[1.4517215000232682],28,3,339,9,2635.999807,,2635.985052,2635.999807,2637.001199,2637.001199,2637.001199,2637.750536,space,0.7374643,None,2637.751099,2637.866897,2638.178613,2638.167375,2638.16775,2638.178613,2638.178613,2638.178613,2639.630569,400,1,[1.4517142999684438],[1.4517215000232682],par01,1,2025-11-13_21h18.47.046,intentional binding,,2025.1.1,60.31748713,2025-11-13 21h18.55.325985 +0530
0.7,1000,exp,350,1,[1.9840982999885455],[1.9841043000342324],28,4,340,11,2639.646197,,2639.63074,2639.646197,2640.647508,2640.647508,2640.647508,2641.263192,space,0.6032736,None,2641.26377,2641.978954,2642.2918,2642.274161,2642.27485,2642.2918,2642.2918,2642.2918,2644.27617,350,1,[1.9840982999885455],[1.9841043000342324],par01,1,2025-11-13_21h18.47.046,intentional binding,,2025.1.1,60.31748713,2025-11-13 21h18.55.325985 +0530
0.7,400,unexp,200,1,[2.618310800055042],[2.618317099986598],28,5,341,2,2644.291501,,2644.276338,2644.291501,2645.29053,2645.29053,2645.29053,2645.657899,space,0.3573171,None,2645.658603,2646.358045,2646.66988,2646.658643,2646.659106,2646.66988,2646.66988,2646.66988,2649.288433,200,1,[2.618310800055042],[2.618317099986598],par01,1,2025-11-13_21h18.47.046,intentional binding,,2025.1.1,60.31748713,2025-11-13 21h18.55.325985 +0530
0.4,1000,exp,350,1,[2.6344231000402942],[2.6344298999756575],28,6,342,7,2649.303316,,2649.288629,2649.303316,2650.302659,2650.302659,2650.302659,2650.787146,space,0.4722504,None,2650.787701,2651.203904,2651.516393,2651.497485,2651.498177,2651.516393,2651.516393,2651.516393,2654.151082,350,1,[2.6344231000402942],[2.6344298999756575],par01,1,2025-11-13_21h18.47.046,intentional binding,,2025.1.1,60.31748713,2025-11-13 21h18.55.325985 +0530
0.7,1000,exp,400,1,[1.3877698000287637],[1.387778599979356],28,7,343,8,2654.165454,,2654.151591,2654.165454,2655.165554,2655.165554,2655.165554,2656.848368,space,1.6724026,None,2656.848947,2657.56428,2657.892172,2657.868683,2657.869016,2657.892172,2657.892172,2657.892172,2659.280255,400,1,[1.3877698000287637],[1.387778599979356],par01,1,2025-11-13_21h18.47.046,intentional binding,,2025.1.1,60.31748713,2025-11-13 21h18.55.325985 +0530
0.1,1000,exp,500,1,[2.003020799951628],[2.0030269999988377],28,8,344,3,2659.295164,,2659.280517,2659.295164,2660.293279,2660.293279,2660.293279,2663.157731,space,2.8517845,None,2663.158311,2663.258286,2663.569971,2663.558508,2663.558864,2663.569971,2663.569971,2663.569971,2665.573228,500,1,[2.003020799951628],[2.0030269999988377],par01,1,2025-11-13_21h18.47.046,intentional binding,,2025.1.1,60.31748713,2025-11-13 21h18.55.325985 +0530
0.1,400,unexp,800,1,[3.0659098000032827],[3.0659157999325544],28,9,345,0,2665.589041,,2665.573396,2665.589041,2666.587194,2666.587194,2666.609296,2668.104229,space,1.5096626,None,2668.104902,2668.220188,2668.532914,2668.516805,2668.517291,2668.532914,2668.532914,2668.532914,2671.599174,800,1,[3.0659098000032827],[3.0659157999325544],par01,1,2025-11-13_21h18.47.046,intentional binding,,2025.1.1,60.31748713,2025-11-13 21h18.55.325985 +0530
0.4,1000,exp,890,1,[2.2840260999510065],[2.2840318999951705],28,10,346,4,2671.61582,,2671.599344,2671.61582,2672.59766,2672.59766,2672.630199,2674.129498,space,1.5211521,None,2674.130049,2674.530902,2674.859458,2674.83628,2674.836644,2674.859458,2674.859458,2674.859458,2677.143721,890,1,[2.2840260999510065],[2.2840318999951705],par01,1,2025-11-13_21h18.47.046,intentional binding,,2025.1.1,60.31748713,2025-11-13 21h18.55.325985 +0530
0.1,1000,exp,700,1,[2.1016232999973],[2.1016295000445098],28,11,347,6,2677.159129,,2677.143886,2677.159129,2678.14303,2678.14303,2678.158411,2678.442646,space,0.2831394,None,2678.44328,2678.559756,2678.872215,2678.858085,2678.858633,2678.872215,2678.872215,2678.872215,2680.974089,700,1,[2.1016232999973],[2.1016295000445098],par01,1,2025-11-13_21h18.47.046,intentional binding,,2025.1.1,60.31748713,2025-11-13 21h18.55.325985 +0530
0.7,1000,exp,790,1,[3.6813625000650063],[3.681368299992755],29,0,348,5,2680.989299,,2680.974252,2680.989299,2681.971574,2681.971574,2682.005966,2682.489272,space,0.5004574,None,2682.489883,2683.188825,2683.502489,2683.489747,2683.49015,2683.502489,2683.502489,2683.502489,2687.184119,790,1,[3.6813625000650063],[3.681368299992755],par01,1,2025-11-13_21h18.47.046,intentional binding,,2025.1.1,60.31748713,2025-11-13 21h18.55.325985 +0530
0.1,1000,exp,750,1,[3.479668000014499],[3.4796746000647545],29,1,349,3,2687.199133,,2687.184283,2687.199133,2688.184198,2688.184198,2688.200194,2688.599782,space,0.4105522,None,2688.600527,2688.702626,2689.031255,2689.013206,2689.013725,2689.031255,2689.031255,2689.031255,2692.511151,750,1,[3.479668000014499],[3.4796746000647545],par01,1,2025-11-13_21h18.47.046,intentional binding,,2025.1.1,60.31748713,2025-11-13 21h18.55.325985 +0530
0.7,400,unexp,800,1,[2.819464899948798],[2.819470699992962],29,2,350,2,2692.52898,,2692.511319,2692.52898,2693.510754,2693.510754,2693.544418,2693.878113,space,0.3616437,None,2693.878873,2694.577934,2694.889107,2694.874761,2694.875339,2694.889107,2694.889107,2694.889107,2697.7088,800,1,[2.819464899948798],[2.819470699992962],par01,1,2025-11-13_21h18.47.046,intentional binding,,2025.1.1,60.31748713,2025-11-13 21h18.55.325985 +0530
0.1,1000,exp,500,1,[3.096836099983193],[3.0968420000281185],29,3,351,6,2697.722685,,2697.708977,2697.722685,2698.721418,2698.721418,2698.721418,2698.922581,space,0.1887823,None,2698.923166,2699.024145,2699.338648,2699.324146,2699.324537,2699.338648,2699.338648,2699.338648,2702.435723,500,1,[3.096836099983193],[3.0968420000281185],par01,1,2025-11-13_21h18.47.046,intentional binding,,2025.1.1,60.31748713,2025-11-13 21h18.55.325985 +0530
0.4,1000,exp,500,1,[3.1162735000252724],[3.1162797999568284],29,4,352,7,2702.450898,,2702.435951,2702.450898,2703.435297,2703.435297,2703.450738,2703.917993,space,0.4812695,None,2703.918624,2704.31796,2704.630144,2704.615032,2704.615559,2704.630144,2704.630144,2704.630144,2707.746644,500,1,[3.1162735000252724],[3.1162797999568284],par01,1,2025-11-13_21h18.47.046,intentional binding,,2025.1.1,60.31748713,2025-11-13 21h18.55.325985 +0530
0.1,1000,exp,800,1,[4.549622900085524],[4.549628900014795],29,5,353,9,2707.763221,,2707.746842,2707.763221,2708.745823,2708.745823,2708.763253,2709.646252,space,0.8941268,None,2709.647067,2709.746539,2710.057991,2710.04422,2710.044616,2710.057991,2710.057991,2710.057991,2714.607846,800,1,[4.549622900085524],[4.549628900014795],par01,1,2025-11-13_21h18.47.046,intentional binding,,2025.1.1,60.31748713,2025-11-13 21h18.55.325985 +0530
0.4,400,unexp,700,1,[2.8998708000872284],[2.8998767000157386],29,6,354,1,2714.622212,,2714.608012,2714.622212,2715.621137,2715.621137,2715.621137,2716.057455,space,0.4359524,None,2716.058177,2716.470546,2716.785198,2716.766747,2716.767481,2716.785198,2716.785198,2716.785198,2719.685311,700,1,[2.8998708000872284],[2.8998767000157386],par01,1,2025-11-13_21h18.47.046,intentional binding,,2025.1.1,60.31748713,2025-11-13 21h18.55.325985 +0530
0.7,1000,exp,700,1,[3.0332984999986365],[3.033304699929431],29,7,355,8,2719.701667,,2719.685489,2719.701667,2720.683286,2720.683286,2720.717275,2721.501448,space,0.8071606,None,2721.502149,2722.217159,2722.529443,2722.514341,2722.514763,2722.529443,2722.529443,2722.529443,2725.56298,700,1,[3.0332984999986365],[3.033304699929431],par01,1,2025-11-13_21h18.47.046,intentional binding,,2025.1.1,60.31748713,2025-11-13 21h18.55.325985 +0530
0.1,400,unexp,800,1,[3.698462100001052],[3.6984686999348924],29,8,356,0,2725.579551,,2725.563155,2725.579551,2726.579121,2726.579121,2726.593658,2727.329124,space,0.7496057,None,2727.329763,2727.428235,2727.740916,2727.727986,2727.728388,2727.740916,2727.740916,2727.740916,2731.439608,800,1,[3.698462100001052],[3.6984686999348924],par01,1,2025-11-13_21h18.47.046,intentional binding,,2025.1.1,60.31748713,2025-11-13 21h18.55.325985 +0530
0.7,1000,exp,600,1,[1.9623602000065148],[1.9623693999601528],29,9,357,11,2731.457381,,2731.439779,2731.457381,2732.438938,2732.438938,2732.472921,2732.839183,space,0.3876856,None,2732.839887,2733.539575,2733.85486,2733.838694,2733.839245,2733.85486,2733.85486,2733.85486,2735.817737,600,1,[1.9623602000065148],[1.9623693999601528],par01,1,2025-11-13_21h18.47.046,intentional binding,,2025.1.1,60.31748713,2025-11-13 21h18.55.325985 +0530
0.4,1000,exp,700,1,[2.2348017999902368],[2.2348075000336394],29,10,358,10,2735.835797,,2735.818275,2735.835797,2736.817968,2736.817968,2736.851646,2739.650477,space,2.8319,None,2739.651149,2740.050498,2740.361656,2740.346335,2740.347269,2740.361656,2740.361656,2740.361656,2742.596734,700,1,[2.2348017999902368],[2.2348075000336394],par01,1,2025-11-13_21h18.47.046,intentional binding,,2025.1.1,60.31748713,2025-11-13 21h18.55.325985 +0530
0.4,1000,exp,600,1,[2.017730300081894],[2.017736200010404],29,11,359,4,2742.612675,,2742.596913,2742.612675,2743.595189,2743.595189,2743.612851,2744.194771,space,0.59241,None,2744.195659,2744.609247,2744.924068,2744.904776,2744.905166,2744.924068,2744.924068,2744.924068,2746.942072,600,1,[2.017730300081894],[2.017736200010404],par01,1,2025-11-13_21h18.47.046,intentional binding,,2025.1.1,60.31748713,2025-11-13 21h18.55.325985 +0530
0.1,400,unexp,650,1,[3.7498882999643683],[3.749894200009294],30,0,360,0,2746.95789,,2746.942411,2746.95789,2747.958027,2747.958027,2747.958027,2748.808731,space,0.8361416,None,2748.809295,2748.923438,2749.235822,2749.223048,2749.223507,2749.235822,2749.235822,2749.235822,2752.985955,650,1,[3.7498882999643683],[3.749894200009294],par01,1,2025-11-13_21h18.47.046,intentional binding,,2025.1.1,60.31748713,2025-11-13 21h18.55.325985 +0530
0.7,1000,exp,700,1,[2.9669995999429375],[2.967005499987863],30,1,361,8,2753.001996,,2752.986123,2753.001996,2754.001397,2754.001397,2754.001397,2755.185032,space,1.1662497,None,2755.18558,2755.900951,2756.212768,2756.197442,2756.19818,2756.212768,2756.212768,2756.212768,2759.180051,700,1,[2.9669995999429375],[2.967005499987863],par01,1,2025-11-13_21h18.47.046,intentional binding,,2025.1.1,60.31748713,2025-11-13 21h18.55.325985 +0530
0.7,400,unexp,760,1,[16.054843400022946],[16.05484910006635],30,2,362,2,2759.196366,,2759.18022,2759.196366,2760.180128,2760.180128,2760.19745,2761.095228,space,0.9059818,None,2761.095763,2761.794616,2762.106614,2762.093713,2762.094181,2762.106614,2762.106614,2762.106614,2778.161717,760,1,[16.054843400022946],[16.05484910006635],par01,1,2025-11-13_21h18.47.046,intentional binding,,2025.1.1,60.31748713,2025-11-13 21h18.55.325985 +0530
0.4,400,unexp,780,1,[1.8987220000708476],[1.8987277999985963],30,3,363,1,2778.178755,,2778.161888,2778.178755,2779.159685,2779.159685,2779.194382,2831.210748,space,52.033136,None,2831.211324,2831.627302,2831.958235,2831.938967,2831.939423,2831.958235,2831.958235,2831.958235,2833.857193,780,1,[1.8987220000708476],[1.8987277999985963],par01,1,2025-11-13_21h18.47.046,intentional binding,,2025.1.1,60.31748713,2025-11-13 21h18.55.325985 +0530
0.4,1000,exp,500,1,[2.8322623999556527],[2.832268700003624],30,4,364,7,2833.871628,,2833.857365,2833.871628,2834.871508,2834.871508,2834.871508,2835.205053,space,0.3183378,None,2835.205788,2835.606408,2835.921465,2835.905726,2835.906115,2835.921465,2835.921465,2835.921465,2838.754002,500,1,[2.8322623999556527],[2.832268700003624],par01,1,2025-11-13_21h18.47.046,intentional binding,,2025.1.1,60.31748713,2025-11-13 21h18.55.325985 +0530
0.4,1000,exp,560,1,[1.3339094000402838],[1.3339157999726012],30,5,365,10,2838.767352,,2838.754168,2838.767352,2839.768545,2839.768545,2839.768545,2840.167227,space,0.3882175,None,2840.167802,2840.568226,2840.89688,2840.86867,2840.869121,2840.89688,2840.89688,2840.89688,2842.231061,560,1,[1.3339094000402838],[1.3339157999726012],par01,1,2025-11-13_21h18.47.046,intentional binding,,2025.1.1,60.31748713,2025-11-13 21h18.55.325985 +0530
0.1,1000,exp,600,1,[2.0185099000809714],[2.018515900010243],30,6,366,6,2842.248938,,2842.231228,2842.248938,2843.23348,2843.23348,2843.247547,2843.682519,space,0.4458234,None,2843.683139,2843.797438,2844.109557,2844.094093,2844.094992,2844.109557,2844.109557,2844.109557,2846.128328,600,1,[2.0185099000809714],[2.018515900010243],par01,1,2025-11-13_21h18.47.046,intentional binding,,2025.1.1,60.31748713,2025-11-13 21h18.55.325985 +0530
0.7,1000,exp,700,1,[1.2677183999912813],[1.2677255999296904],30,7,367,5,2846.143951,,2846.128499,2846.143951,2847.143021,2847.143021,2847.143021,2847.62893,space,0.4776687,None,2847.629779,2848.343298,2848.672525,2848.645097,2848.645544,2848.672525,2848.672525,2848.672525,2849.940878,700,1,[1.2677183999912813],[1.2677255999296904],par01,1,2025-11-13_21h18.47.046,intentional binding,,2025.1.1,60.31748713,2025-11-13 21h18.55.325985 +0530
0.7,1000,exp,400,1,[1.7340858998941258],[1.734092199942097],30,8,368,11,2849.957111,,2849.941054,2849.957111,2850.939144,2850.939144,2850.973179,2851.491641,space,0.5443641,None,2851.492481,2852.207169,2852.518669,2852.504239,2852.504666,2852.518669,2852.518669,2852.518669,2854.253216,400,1,[1.7340858998941258],[1.734092199942097],par01,1,2025-11-13_21h18.47.046,intentional binding,,2025.1.1,60.31748713,2025-11-13 21h18.55.325985 +0530
0.1,1000,exp,200,1,[2.134742800029926],[2.1347491000778973],30,9,369,3,2854.269113,,2854.2534,2854.269113,2855.251544,2855.251544,2855.27052,2855.570568,space,0.3040224,None,2855.571246,2855.687017,2855.997907,2855.983247,2855.984445,2855.997907,2855.997907,2855.997907,2858.133063,200,1,[2.134742800029926],[2.1347491000778973],par01,1,2025-11-13_21h18.47.046,intentional binding,,2025.1.1,60.31748713,2025-11-13 21h18.55.325985 +0530
0.1,1000,exp,100,1,[1.5201391999144107],[1.5201455999631435],30,10,370,9,2858.148694,,2858.133273,2858.148694,2859.131605,2859.131605,2859.148875,2859.398425,space,0.264774,None,2859.399008,2859.499893,2859.82797,2859.806024,2859.806341,2859.82797,2859.82797,2859.82797,2861.348353,100,1,[1.5201391999144107],[1.5201455999631435],par01,1,2025-11-13_21h18.47.046,intentional binding,,2025.1.1,60.31748713,2025-11-13 21h18.55.325985 +0530
0.4,1000,exp,120,1,[2.0486945000011474],[2.0487078999867663],30,11,371,4,2861.361596,,2861.348833,2861.361596,2862.361489,2862.361489,2862.361489,2863.013395,space,0.6465068,None,2863.014107,2863.42907,2863.757014,2863.731288,2863.731617,2863.757014,2863.757014,2863.757014,2865.806177,120,1,[2.0486945000011474],[2.0487078999867663],par01,1,2025-11-13_21h18.47.046,intentional binding,,2025.1.1,60.31748713,2025-11-13 21h18.55.325985 +0530
0.7,1000,exp,680,1,[3.201792999985628],[3.201798800029792],31,0,372,11,2865.824909,,2865.806509,2865.824909,2866.806723,2866.806723,2866.839997,2867.95662,space,1.1494055,None,2867.957221,2868.673528,2869.001716,2868.978445,2868.978736,2869.001716,2869.001716,2869.001716,2872.203762,680,1,[3.201792999985628],[3.201798800029792],par01,1,2025-11-13_21h18.47.046,intentional binding,,2025.1.1,60.31748713,2025-11-13 21h18.55.325985 +0530
0.4,1000,exp,450,1,[2.083809499978088],[2.083816000027582],31,1,373,10,2872.218162,,2872.203929,2872.218162,2873.217583,2873.217583,2873.217583,2874.401961,space,1.1812453,None,2874.402997,2874.817713,2875.146632,2875.120025,2875.120375,2875.146632,2875.146632,2875.146632,2877.230686,450,1,[2.083809499978088],[2.083816000027582],par01,1,2025-11-13_21h18.47.046,intentional binding,,2025.1.1,60.31748713,2025-11-13 21h18.55.325985 +0530
0.7,1000,exp,230,1,[1.8020171000389382],[1.8020252999849617],31,2,374,5,2877.246841,,2877.23086,2877.246841,2878.245394,2878.245394,2878.245394,2878.645808,space,0.3947673,None,2878.646307,2879.346624,2879.658074,2879.643425,2879.643713,2879.658074,2879.658074,2879.658074,2881.46039,230,1,[1.8020171000389382],[1.8020252999849617],par01,1,2025-11-13_21h18.47.046,intentional binding,,2025.1.1,60.31748713,2025-11-13 21h18.55.325985 +0530
0.4,400,unexp,800,1,[1.9181039000395685],[1.918112299987115],31,3,375,1,2881.475198,,2881.460612,2881.475198,2882.475773,2882.475773,2882.475773,2882.861315,space,0.3821192,None,2882.862448,2883.276374,2883.605218,2883.576395,2883.576802,2883.605218,2883.605218,2883.605218,2885.523658,800,1,[1.9181039000395685],[1.918112299987115],par01,1,2025-11-13_21h18.47.046,intentional binding,,2025.1.1,60.31748713,2025-11-13 21h18.55.325985 +0530
0.1,1000,exp,700,1,[2.400450500077568],[2.4004582000197843],31,4,376,9,2885.538637,,2885.523903,2885.538637,2886.538966,2886.538966,2886.538966,2886.871446,space,0.3251995,None,2886.87248,2886.973165,2887.300442,2887.275595,2887.275994,2887.300442,2887.300442,2887.300442,2889.701181,700,1,[2.400450500077568],[2.4004582000197843],par01,1,2025-11-13_21h18.47.046,intentional binding,,2025.1.1,60.31748713,2025-11-13 21h18.55.325985 +0530
0.1,1000,exp,500,1,[3.0968123000347987],[3.0968191999709234],31,5,377,3,2889.718521,,2889.701598,2889.718521,2890.700601,2890.700601,2890.733777,2891.484961,space,0.7764693,None,2891.485733,2891.584073,2891.915643,2891.896409,2891.896793,2891.915643,2891.915643,2891.915643,2895.012685,500,1,[3.0968123000347987],[3.0968191999709234],par01,1,2025-11-13_21h18.47.046,intentional binding,,2025.1.1,60.31748713,2025-11-13 21h18.55.325985 +0530
0.7,1000,exp,600,1,[1.0851169000379741],[1.0851240999763831],31,6,378,8,2895.03004,,2895.012861,2895.03004,2896.012005,2896.012005,2896.045647,2897.029467,space,1.002016,None,2897.030117,2897.744886,2898.057021,2898.043909,2898.044299,2898.057021,2898.057021,2898.057021,2899.142419,600,1,[1.0851169000379741],[1.0851240999763831],par01,1,2025-11-13_21h18.47.046,intentional binding,,2025.1.1,60.31748713,2025-11-13 21h18.55.325985 +0530
0.7,400,unexp,750,1,[3.766586899990216],[3.766593699925579],31,7,379,2,2899.158726,,2899.142817,2899.158726,2900.141331,2900.141331,2900.160261,2900.926358,space,0.7844261,None,2900.926994,2901.641858,2901.953738,2901.935664,2901.936475,2901.953738,2901.953738,2901.953738,2905.720601,750,1,[3.766586899990216],[3.766593699925579],par01,1,2025-11-13_21h18.47.046,intentional binding,,2025.1.1,60.31748713,2025-11-13 21h18.55.325985 +0530
0.1,1000,exp,800,1,[2.0514118999708444],[2.0514179000165313],31,8,380,6,2905.735513,,2905.720777,2905.735513,2906.718057,2906.718057,2906.735581,2907.002963,space,0.2706192,None,2907.003534,2907.119897,2907.431758,2907.417766,2907.418225,2907.431758,2907.431758,2907.431758,2909.483446,800,1,[2.0514118999708444],[2.0514179000165313],par01,1,2025-11-13_21h18.47.046,intentional binding,,2025.1.1,60.31748713,2025-11-13 21h18.55.325985 +0530
0.1,400,unexp,560,1,[2.484214299940504],[2.484220299986191],31,9,381,0,2909.497583,,2909.483615,2909.497583,2910.498668,2910.498668,2910.498668,2911.281983,space,0.7719083,None,2911.28267,2911.397959,2911.709801,2911.69445,2911.695267,2911.709801,2911.709801,2911.709801,2914.194252,560,1,[2.484214299940504],[2.484220299986191],par01,1,2025-11-13_21h18.47.046,intentional binding,,2025.1.1,60.31748713,2025-11-13 21h18.55.325985 +0530
0.4,1000,exp,800,1,[1.467839999939315],[1.4678521000314504],31,10,382,7,2914.210158,,2914.194417,2914.210158,2915.194501,2915.194501,2915.211527,2915.56095,space,0.3587158,None,2915.562199,2915.960407,2916.272482,2916.254778,2916.255444,2916.272482,2916.272482,2916.272482,2917.740646,800,1,[1.467839999939315],[1.4678521000314504],par01,1,2025-11-13_21h18.47.046,intentional binding,,2025.1.1,60.31748713,2025-11-13 21h18.55.325985 +0530
0.4,1000,exp,700,1,[2.979242399916984],[2.9792490999680012],31,11,383,4,2917.757068,,2917.740874,2917.757068,2918.739704,2918.739704,2918.757602,2919.07385,space,0.3337756,None,2919.074474,2919.475385,2919.805894,2919.786142,2919.786574,2919.805894,2919.805894,2919.805894,2922.78556,700,1,[2.979242399916984],[2.9792490999680012],par01,1,2025-11-13_21h18.47.046,intentional binding,,2025.1.1,60.31748713,2025-11-13 21h18.55.325985 +0530
0.7,1000,exp,700,1,[1.9662250000983477],[1.9662357000634074],32,0,384,11,2922.801557,,2922.78576,2922.801557,2923.785444,2923.785444,2923.802456,2924.304054,space,0.5105758,None,2924.304998,2925.018658,2925.333112,2925.317654,2925.318016,2925.333112,2925.333112,2925.333112,2927.299615,700,1,[1.9662250000983477],[1.9662357000634074],par01,1,2025-11-13_21h18.47.046,intentional binding,,2025.1.1,60.31748713,2025-11-13 21h18.55.325985 +0530
0.1,400,unexp,800,1,[2.850805100053549],[2.850810999982059],32,1,385,0,2927.313871,,2927.299798,2927.313871,2928.314093,2928.314093,2928.314093,2929.46396,space,1.1394806,None,2929.464582,2929.579697,2929.892148,2929.874731,2929.875422,2929.892148,2929.892148,2929.892148,2932.743252,800,1,[2.850805100053549],[2.850810999982059],par01,1,2025-11-13_21h18.47.046,intentional binding,,2025.1.1,60.31748713,2025-11-13 21h18.55.325985 +0530
0.7,1000,exp,600,1,[1.067738600075245],[1.067744700005278],32,2,386,8,2932.757956,,2932.743422,2932.757956,2933.742511,2933.742511,2933.757978,2934.791386,space,1.0372356,None,2934.792116,2935.492365,2935.820384,2935.796089,2935.796485,2935.820384,2935.820384,2935.820384,2936.888378,600,1,[1.067738600075245],[1.067744700005278],par01,1,2025-11-13_21h18.47.046,intentional binding,,2025.1.1,60.31748713,2025-11-13 21h18.55.325985 +0530
0.4,1000,exp,800,1,[1.5188582999398932],[1.5188640999840572],32,3,387,4,2936.905695,,2936.888546,2936.905695,2937.887985,2937.887985,2937.920613,2938.089435,space,0.1942884,None,2938.090422,2938.488728,2938.800329,2938.787975,2938.788391,2938.800329,2938.800329,2938.800329,2940.319429,800,1,[1.5188582999398932],[1.5188640999840572],par01,1,2025-11-13_21h18.47.046,intentional binding,,2025.1.1,60.31748713,2025-11-13 21h18.55.325985 +0530
0.4,1000,exp,700,1,[1.5007883000653237],[1.5007942999945953],32,4,388,10,2940.334604,,2940.319668,2940.334604,2941.334097,2941.334097,2941.334097,2941.619025,space,0.267938,None,2941.619645,2942.035682,2942.363475,2942.336495,2942.336949,2942.363475,2942.363475,2942.363475,2943.864513,700,1,[1.5007883000653237],[1.5007942999945953],par01,1,2025-11-13_21h18.47.046,intentional binding,,2025.1.1,60.31748713,2025-11-13 21h18.55.325985 +0530
0.7,1000,exp,700,1,[1.2192911999300122],[1.2193004000000656],32,5,389,5,2943.88244,,2943.864681,2943.88244,2944.863566,2944.863566,2944.897752,2945.249129,space,0.3845341,None,2945.249786,2945.965146,2946.293055,2946.26604,2946.266437,2946.293055,2946.293055,2946.293055,2947.512667,700,1,[1.2192911999300122],[1.2193004000000656],par01,1,2025-11-13_21h18.47.046,intentional binding,,2025.1.1,60.31748713,2025-11-13 21h18.55.325985 +0530
0.7,400,unexp,900,1,[2.234246400068514],[2.2342542000114918],32,6,390,2,2947.527214,,2947.512916,2947.527214,2948.527529,2948.527529,2948.527529,2950.343243,space,1.8133529,None,2950.343858,2951.059279,2951.3714,2951.354166,2951.354845,2951.3714,2951.3714,2951.3714,2953.605901,900,1,[2.234246400068514],[2.2342542000114918],par01,1,2025-11-13_21h18.47.046,intentional binding,,2025.1.1,60.31748713,2025-11-13 21h18.55.325985 +0530
0.1,1000,exp,700,1,[2.1520031000254676],[2.1520122999791056],32,7,391,6,2953.622671,,2953.606113,2953.622671,2954.622333,2954.622333,2954.638409,2955.055111,space,0.4244256,None,2955.05567,2955.154364,2955.484454,2955.457001,2955.457548,2955.484454,2955.484454,2955.484454,2957.636813,700,1,[2.1520031000254676],[2.1520122999791056],par01,1,2025-11-13_21h18.47.046,intentional binding,,2025.1.1,60.31748713,2025-11-13 21h18.55.325985 +0530
0.1,1000,exp,900,1,[2.185522999963723],[2.1855297000147402],32,8,392,3,2957.650714,,2957.637054,2957.650714,2958.650201,2958.650201,2958.650201,2959.035726,space,0.3680445,None,2959.03637,2959.151655,2959.463608,2959.445783,2959.446615,2959.463608,2959.463608,2959.463608,2961.649554,900,1,[2.185522999963723],[2.1855297000147402],par01,1,2025-11-13_21h18.47.046,intentional binding,,2025.1.1,60.31748713,2025-11-13 21h18.55.325985 +0530
0.1,1000,exp,800,1,[1.568195299943909],[1.568201299989596],32,9,393,9,2961.66339,,2961.649745,2961.66339,2962.664218,2962.664218,2962.664218,2962.998571,space,0.3262662,None,2962.999679,2963.112977,2963.425615,2963.414721,2963.415115,2963.425615,2963.425615,2963.425615,2964.994048,800,1,[1.568195299943909],[1.568201299989596],par01,1,2025-11-13_21h18.47.046,intentional binding,,2025.1.1,60.31748713,2025-11-13 21h18.55.325985 +0530
0.4,1000,exp,800,1,[2.0346164000220597],[2.0346224000677466],32,10,394,7,2965.011269,,2964.994219,2965.011269,2965.993952,2965.993952,2966.011005,2966.279057,space,0.2823892,None,2966.279712,2966.694216,2967.005922,2966.993585,2966.993991,2967.005922,2967.005922,2967.005922,2969.040837,800,1,[2.0346164000220597],[2.0346224000677466],par01,1,2025-11-13_21h18.47.046,intentional binding,,2025.1.1,60.31748713,2025-11-13 21h18.55.325985 +0530
0.4,400,unexp,400,1,[2.6997539000585675],[2.699786000070162],32,11,395,1,2969.056971,,2969.041005,2969.056971,2970.039072,2970.039072,2970.072408,2970.339223,space,0.2981893,None,2970.339735,2970.739631,2971.051808,2971.033071,2971.03379,2971.051808,2971.051808,2971.051808,2973.751931,400,1,[2.6997539000585675],[2.699786000070162],par01,1,2025-11-13_21h18.47.046,intentional binding,,2025.1.1,60.31748713,2025-11-13 21h18.55.325985 +0530
,,,,,,,,,,,,,,,,,,,,,,,,,,,,,,,,,,,,,,,,,,
,expected ,499.9259259,,,,,,,,,,,,,,,,,,,,,,,,,,,,,,,,,,,,,,,,
,unexpected ,574.4444444,,,,,,,,,,,,,,,,,,,,,,,,,,,,,,,,,,,,,,,,
,,-74.51851852,,,,,,,,,,,,,,,,,,,,,,,,,,,,,,,,,,,,,,,,
